TreeDepth,Pid,Process,Base,InLoad,InInit,InMem,MappedPath
0,4,System,0x77d00000,False,False,False,\\Windows\\System32\\ntdll.dll
0,404,smss.exe,0x77d00000,True,True,True,\\Windows\\System32\\ntdll.dll
0,404,smss.exe,0x47610000,True,False,True,\\Windows\\System32\\smss.exe
0,472,csrss.exe,0x110000,False,False,False,\\Windows\\System32\\en-US\\csrss.exe.mui
0,472,csrss.exe,0x130000,False,False,False,\\Windows\\Fonts\\vgasys.fon
0,472,csrss.exe,0x1e0000,False,False,False,\\Windows\\Fonts\\vgaoem.fon
0,472,csrss.exe,0x350000,False,False,False,\\Windows\\Fonts\\cga40woa.fon
0,472,csrss.exe,0x230000,False,False,False,\\Windows\\Fonts\\dosapp.fon
0,472,csrss.exe,0x360000,False,False,False,\\Windows\\Fonts\\cga80woa.fon
0,472,csrss.exe,0xb80000,False,False,False,\\Windows\\System32\\en-US\\user32.dll.mui
0,472,csrss.exe,0xb70000,False,False,False,\\Windows\\Fonts\\ega40woa.fon
0,472,csrss.exe,0x765a0000,True,True,True,\\Windows\\System32\\user32.dll
0,472,csrss.exe,0x4a130000,True,False,True,\\Windows\\System32\\csrss.exe
0,472,csrss.exe,0x762c0000,True,True,True,\\Windows\\System32\\sxs.dll
0,472,csrss.exe,0x76450000,True,True,True,\\Windows\\System32\\winsrv.dll
0,516,csrss.exe,0x200000,False,False,False,\\Windows\\Fonts\\vgasys.fon
0,516,csrss.exe,0xa50000,False,False,False,\\Windows\\System32\\en-US\\user32.dll.mui
0,516,csrss.exe,0x4a130000,True,False,True,\\Windows\\System32\\csrss.exe
0,516,csrss.exe,0x765a0000,True,True,True,\\Windows\\System32\\user32.dll
0,516,csrss.exe,0x76450000,True,True,True,\\Windows\\System32\\winsrv.dll
0,516,csrss.exe,0x76bb0000,True,True,True,\\Windows\\System32\\kernel32.dll
0,516,csrss.exe,0x77f10000,True,True,True,\\Windows\\System32\\gdi32.dll
0,524,wininit.exe,0x75ba0000,False,False,False,\\Windows\\System32\\mswsock.dll
0,524,wininit.exe,0x75850000,False,False,False,\\Windows\\System32\\WSHTCPIP.DLL
0,524,wininit.exe,0x75990000,False,False,False,\\Windows\\System32\\schannel.dll
0,524,wininit.exe,0x75ca0000,False,False,False,\\Windows\\System32\\credssp.dll
0,524,wininit.exe,0x75c00000,False,False,False,\\Windows\\System32\\wship6.dll
0,524,wininit.exe,0x76380000,False,False,False,\\Windows\\System32\\apphelp.dll
0,524,wininit.exe,0x77d00000,False,False,False,\\Windows\\System32\\ntdll.dll
0,552,winlogon.exe,0x76430000,False,False,False,\\Windows\\System32\\secur32.dll
0,552,winlogon.exe,0x9c0000,False,False,False,\\Windows\\System32\\winlogon.exe
0,552,winlogon.exe,0x74970000,False,False,False,\\Windows\\System32\\shsvcs.dll
0,552,winlogon.exe,0x76570000,False,False,False,\\Windows\\System32\\psapi.dll
0,552,winlogon.exe,0x76590000,False,False,False,\\Windows\\System32\\nsi.dll
0,552,winlogon.exe,0x77b30000,False,False,False,\\Windows\\System32\\imm32.dll
0,552,winlogon.exe,0x76c90000,False,False,False,\\Windows\\System32\\ws2_32.dll
0,604,services.exe,0x710000,True,False,True,\\Windows\\System32\\services.exe
0,604,services.exe,0x75ba0000,True,True,True,\\Windows\\System32\\mswsock.dll
0,604,services.exe,0x75990000,True,True,True,\\Windows\\System32\\schannel.dll
0,604,services.exe,0x75880000,True,True,True,\\Windows\\System32\\ntmarta.dll
0,604,services.exe,0x75c00000,True,True,True,\\Windows\\System32\\wship6.dll
0,604,services.exe,0x77d00000,True,True,True,\\Windows\\System32\\ntdll.dll
0,604,services.exe,0x763c0000,True,True,True,\\Windows\\System32\\authz.dll
0,604,services.exe,0x76bb0000,True,True,True,\\Windows\\System32\\kernel32.dll
0,604,services.exe,0x76d20000,True,True,True,\\Windows\\System32\\ole32.dll
0,604,services.exe,0x77c20000,True,True,True,\\Windows\\System32\\rpcrt4.dll
0,604,services.exe,0x77f10000,True,True,True,\\Windows\\System32\\gdi32.dll
0,604,services.exe,0x77e60000,True,True,True,\\Windows\\System32\\msvcrt.dll
0,616,lsass.exe,0x960000,True,False,True,\\Windows\\System32\\lsass.exe
0,616,lsass.exe,0x758b0000,True,True,True,\\Windows\\System32\\scecli.dll
0,616,lsass.exe,0x750f0000,True,True,True,\\Windows\\System32\\dssenh.dll
0,616,lsass.exe,0x74bf0000,True,True,True,\\Windows\\System32\\pstorsvc.dll
0,616,lsass.exe,0x74be0000,True,True,True,\\Windows\\System32\\psbase.dll
0,616,lsass.exe,0x76bb0000,True,True,True,\\Windows\\System32\\kernel32.dll
0,616,lsass.exe,0x75fe0000,True,True,True,\\Windows\\System32\\msasn1.dll
0,616,lsass.exe,0x75ba0000,True,True,True,\\Windows\\System32\\mswsock.dll
0,616,lsass.exe,0x75ac0000,True,True,True,\\Windows\\System32\\netlogon.dll
0,616,lsass.exe,0x75c10000,True,True,True,\\Windows\\System32\\rassfm.dll
0,616,lsass.exe,0x75c00000,True,True,True,\\Windows\\System32\\wship6.dll
0,616,lsass.exe,0x75cc0000,True,True,True,\\Windows\\System32\\bcrypt.dll
0,616,lsass.exe,0x75da0000,True,True,True,\\Windows\\System32\\dhcpcsvc.dll
0,616,lsass.exe,0x76020000,True,True,True,\\Windows\\System32\\dnsapi.dll
0,616,lsass.exe,0x76100000,True,True,True,\\Windows\\System32\\netapi32.dll
0,616,lsass.exe,0x77d00000,True,True,True,\\Windows\\System32\\ntdll.dll
0,616,lsass.exe,0x76c90000,True,True,True,\\Windows\\System32\\ws2_32.dll
0,616,lsass.exe,0x779d0000,True,True,True,\\Windows\\System32\\advapi32.dll
0,616,lsass.exe,0x77bd0000,True,True,True,\\Windows\\System32\\Wldap32.dll
0,616,lsass.exe,0x77b50000,True,True,True,\\Windows\\System32\\usp10.dll
0,616,lsass.exe,0x77c20000,True,True,True,\\Windows\\System32\\rpcrt4.dll
0,616,lsass.exe,0x77e60000,True,True,True,\\Windows\\System32\\msvcrt.dll
0,624,lsm.exe,0x75ca0000,True,True,True,\\Windows\\System32\\credssp.dll
0,624,lsm.exe,0xd0000,True,False,True,\\Windows\\System32\\lsm.exe
0,624,lsm.exe,0x75990000,True,True,True,\\Windows\\System32\\schannel.dll
0,624,lsm.exe,0x75920000,True,True,True,\\Windows\\System32\\rsaenh.dll
0,624,lsm.exe,0x76430000,True,True,True,\\Windows\\System32\\secur32.dll
0,624,lsm.exe,0x75fe0000,True,True,True,\\Windows\\System32\\msasn1.dll
0,624,lsm.exe,0x76570000,True,True,True,\\Windows\\System32\\psapi.dll
0,624,lsm.exe,0x767e0000,True,True,True,\\Windows\\System32\\oleaut32.dll
0,624,lsm.exe,0x77e60000,True,True,True,\\Windows\\System32\\msvcrt.dll
0,788,svchost.exe,0x20000,False,False,False,\\Windows\\System32\\en-US\\svchost.exe.mui
0,788,svchost.exe,0x2c0000,True,False,True,\\Windows\\System32\\svchost.exe
0,788,svchost.exe,0x738d0000,True,True,True,\\Windows\\System32\\cabinet.dll
0,788,svchost.exe,0x75880000,True,True,True,\\Windows\\System32\\ntmarta.dll
0,788,svchost.exe,0x75990000,True,True,True,\\Windows\\System32\\schannel.dll
0,788,svchost.exe,0x75e80000,True,True,True,\\Windows\\System32\\crypt32.dll
0,788,svchost.exe,0x76100000,True,True,True,\\Windows\\System32\\netapi32.dll
0,788,svchost.exe,0x76410000,True,True,True,\\Windows\\System32\\userenv.dll
0,788,svchost.exe,0x76590000,True,True,True,\\Windows\\System32\\nsi.dll
0,788,svchost.exe,0x768f0000,True,True,True,\\Windows\\System32\\setupapi.dll
0,788,svchost.exe,0x77aa0000,True,True,True,\\Windows\\System32\\clbcatq.dll
0,848,svchost.exe,0x756e0000,True,True,True,\\Windows\\System32\\rpcss.dll
0,848,svchost.exe,0x2c0000,True,False,True,\\Windows\\System32\\svchost.exe
0,848,svchost.exe,0x74700000,True,True,True,\\Windows\\System32\\FWPUCLNT.DLL
0,848,svchost.exe,0x75990000,True,True,True,\\Windows\\System32\\schannel.dll
0,848,svchost.exe,0x75880000,True,True,True,\\Windows\\System32\\ntmarta.dll
0,848,svchost.exe,0x75c00000,True,True,True,\\Windows\\System32\\wship6.dll
0,848,svchost.exe,0x75ba0000,True,True,True,\\Windows\\System32\\mswsock.dll
0,848,svchost.exe,0x76640000,True,True,True,\\Windows\\System32\\msctf.dll
0,848,svchost.exe,0x76c90000,True,True,True,\\Windows\\System32\\ws2_32.dll
0,848,svchost.exe,0x76d20000,True,True,True,\\Windows\\System32\\ole32.dll
0,848,svchost.exe,0x77b30000,True,True,True,\\Windows\\System32\\imm32.dll
0,848,svchost.exe,0x77aa0000,True,True,True,\\Windows\\System32\\clbcatq.dll
0,884,svchost.exe,0x1d0000,False,False,False,\\Windows\\System32\\RacAgent.exe
0,884,svchost.exe,0x2c0000,True,False,True,\\Windows\\System32\\svchost.exe
0,884,svchost.exe,0xd70000,False,False,False,\\Windows\\System32\\winlogon.exe
0,884,svchost.exe,0x1bd0000,False,False,False,\\Windows\\System32\\dns.exe
0,884,svchost.exe,0x73130000,False,False,False,\\Windows\\System32\\sstpsvc.dll
0,884,svchost.exe,0x6d500000,False,False,False,\\Windows\\System32\\RacEngn.dll
0,884,svchost.exe,0x74c80000,False,False,False,\\Windows\\System32\\profsvc.dll
0,884,svchost.exe,0x73530000,False,False,False,\\Windows\\System32\\wbem\\WinMgmtR.dll
0,884,svchost.exe,0x75010000,False,False,False,\\Windows\\System32\\schedsvc.dll
0,884,svchost.exe,0x75870000,True,True,True,\\Windows\\System32\\version.dll
0,884,svchost.exe,0x75d60000,True,True,True,\\Windows\\System32\\dhcpcsvc6.dll
0,884,svchost.exe,0x76020000,True,True,True,\\Windows\\System32\\dnsapi.dll
0,884,svchost.exe,0x779d0000,True,True,True,\\Windows\\System32\\advapi32.dll
0,884,svchost.exe,0x77e60000,True,True,True,\\Windows\\System32\\msvcrt.dll
0,884,svchost.exe,0x77f10000,True,True,True,\\Windows\\System32\\gdi32.dll
0,976,svchost.exe,0x75880000,True,True,True,\\Windows\\System32\\ntmarta.dll
0,976,svchost.exe,0x2c0000,True,False,True,\\Windows\\System32\\svchost.exe
0,976,svchost.exe,0x738f0000,True,True,True,\\Windows\\System32\\wbem\\wbemprox.dll
0,976,svchost.exe,0x73620000,True,True,True,\\Windows\\System32\\wbem\\fastprox.dll
0,976,svchost.exe,0x738c0000,True,True,True,\\Windows\\System32\\wbem\\wbemsvc.dll
0,976,svchost.exe,0x74b50000,True,True,True,\\Windows\\System32\\gpsvc.dll
0,976,svchost.exe,0x73bc0000,True,True,True,\\Windows\\System32\\wbemcomn.dll
0,976,svchost.exe,0x74fb0000,True,True,True,\\Windows\\System32\\nlaapi.dll
0,976,svchost.exe,0x76bb0000,True,True,True,\\Windows\\System32\\kernel32.dll
0,976,svchost.exe,0x76100000,True,True,True,\\Windows\\System32\\netapi32.dll
0,976,svchost.exe,0x75e40000,True,True,True,\\Windows\\System32\\SLC.dll
0,976,svchost.exe,0x75920000,True,True,True,\\Windows\\System32\\rsaenh.dll
0,976,svchost.exe,0x76000000,True,True,True,\\Windows\\System32\\samlib.dll
0,976,svchost.exe,0x75fc0000,True,True,True,\\Windows\\System32\\ntdsapi.dll
0,976,svchost.exe,0x76020000,True,True,True,\\Windows\\System32\\dnsapi.dll
0,976,svchost.exe,0x76570000,True,True,True,\\Windows\\System32\\psapi.dll
0,976,svchost.exe,0x76590000,True,True,True,\\Windows\\System32\\nsi.dll
0,976,svchost.exe,0x76580000,True,True,True,\\Windows\\System32\\lpk.dll
0,976,svchost.exe,0x76640000,True,True,True,\\Windows\\System32\\msctf.dll
0,976,svchost.exe,0x765a0000,True,True,True,\\Windows\\System32\\user32.dll
0,976,svchost.exe,0x767e0000,True,True,True,\\Windows\\System32\\oleaut32.dll
0,976,svchost.exe,0x77d00000,True,True,True,\\Windows\\System32\\ntdll.dll
0,976,svchost.exe,0x779d0000,True,True,True,\\Windows\\System32\\advapi32.dll
0,976,svchost.exe,0x76d20000,True,True,True,\\Windows\\System32\\ole32.dll
0,976,svchost.exe,0x76c90000,True,True,True,\\Windows\\System32\\ws2_32.dll
0,976,svchost.exe,0x77bd0000,True,True,True,\\Windows\\System32\\Wldap32.dll
0,976,svchost.exe,0x77b30000,True,True,True,\\Windows\\System32\\imm32.dll
0,976,svchost.exe,0x77aa0000,True,True,True,\\Windows\\System32\\clbcatq.dll
0,976,svchost.exe,0x77b50000,True,True,True,\\Windows\\System32\\usp10.dll
0,976,svchost.exe,0x77c20000,True,True,True,\\Windows\\System32\\rpcrt4.dll
0,976,svchost.exe,0x77e60000,True,True,True,\\Windows\\System32\\msvcrt.dll
0,976,svchost.exe,0x77f10000,True,True,True,\\Windows\\System32\\gdi32.dll
0,1000,svchost.exe,0x20000,False,False,False,\\Windows\\System32\\en-US\\svchost.exe.mui
0,1000,svchost.exe,0x2c0000,True,False,True,\\Windows\\System32\\svchost.exe
0,1000,svchost.exe,0x1060000,False,False,False,\\Windows\\System32\\en-US\\mprddm.dll.mui
0,1000,svchost.exe,0x1050000,False,False,False,\\Windows\\System32\\en-US\\iprtrmgr.dll.mui
0,1000,svchost.exe,0x1130000,False,False,False,\\Windows\\System32\\en-US\\iassdo.dll.mui
0,1000,svchost.exe,0x1190000,False,False,False,\\Windows\\System32\\stdole2.tlb
0,1000,svchost.exe,0x6ed10000,True,True,True,\\Windows\\System32\\iasnap.dll
0,1000,svchost.exe,0x6eae0000,True,True,True,\\Windows\\System32\\msshv.dll
0,1000,svchost.exe,0x6e740000,True,True,True,\\Windows\\System32\\wuaueng.dll
0,1000,svchost.exe,0x6ecb0000,True,True,True,\\Windows\\System32\\iassam.dll
0,1000,svchost.exe,0x6eb10000,True,True,True,\\Windows\\System32\\vbscript.dll
0,1000,svchost.exe,0x6ecf0000,True,True,True,\\Windows\\System32\\iasacct.dll
0,1000,svchost.exe,0x6ee60000,True,True,True,\\Windows\\System32\\iprtrmgr.dll
0,1000,svchost.exe,0x6ee10000,True,True,True,\\Windows\\System32\\iassvcs.dll
0,1000,svchost.exe,0x6ed70000,True,True,True,\\Windows\\System32\\iassdo.dll
0,1000,svchost.exe,0x6ed40000,True,True,True,\\Windows\\System32\\QSHVHOST.DLL
0,1000,svchost.exe,0x6ee30000,True,True,True,\\Windows\\System32\\iasrad.dll
0,1000,svchost.exe,0x6eed0000,True,True,True,\\Windows\\System32\\igmpv2.dll
0,1000,svchost.exe,0x6eeb0000,True,True,True,\\Windows\\System32\\mprddm.dll
0,1000,svchost.exe,0x6f750000,True,True,True,\\Windows\\System32\\iashlpr.dll
0,1000,svchost.exe,0x6f040000,True,True,True,\\Windows\\System32\\mspatcha.dll
0,1000,svchost.exe,0x6f770000,True,True,True,\\Windows\\System32\\mprdim.dll
0,1000,svchost.exe,0x70390000,True,True,True,\\Windows\\System32\\qmgr.dll
0,1000,svchost.exe,0x6f8a0000,True,True,True,\\Windows\\System32\\rtm.dll
0,1000,svchost.exe,0x77d00000,True,True,True,\\Windows\\System32\\ntdll.dll
0,1000,svchost.exe,0x74c80000,True,True,True,\\Windows\\System32\\profsvc.dll
0,1000,svchost.exe,0x73540000,True,True,True,\\Windows\\System32\\wbem\\repdrvfs.dll
0,1000,svchost.exe,0x71e50000,True,True,True,\\Windows\\System32\\iprtprio.dll
0,1000,svchost.exe,0x727e0000,True,True,True,\\Windows\\System32\\wups2.dll
0,1000,svchost.exe,0x72a90000,True,True,True,\\Windows\\System32\\netshell.dll
0,1000,svchost.exe,0x73040000,True,True,True,\\Windows\\System32\\ipbootp.dll
0,1000,svchost.exe,0x732c0000,True,True,True,\\Windows\\System32\\wbem\\NCProv.dll
0,1000,svchost.exe,0x73170000,True,True,True,\\Windows\\System32\\rastapi.dll
0,1000,svchost.exe,0x738c0000,True,True,True,\\Windows\\System32\\wbem\\wbemsvc.dll
0,1000,svchost.exe,0x736c0000,True,True,True,\\Windows\\System32\\wbem\\wbemcore.dll
0,1000,svchost.exe,0x735e0000,True,True,True,\\Windows\\System32\\netprofm.dll
0,1000,svchost.exe,0x73590000,True,True,True,\\Windows\\System32\\hnetcfg.dll
0,1000,svchost.exe,0x73620000,True,True,True,\\Windows\\System32\\wbem\\fastprox.dll
0,1000,svchost.exe,0x737d0000,True,True,True,\\Windows\\System32\\wbem\\wmiutils.dll
0,1000,svchost.exe,0x737f0000,True,True,True,\\Windows\\System32\\wbem\\esscli.dll
0,1000,svchost.exe,0x738b0000,True,True,True,\\Windows\\System32\\npmproxy.dll
0,1000,svchost.exe,0x738f0000,True,True,True,\\Windows\\System32\\wbem\\wbemprox.dll
0,1000,svchost.exe,0x73960000,True,True,True,\\Windows\\System32\\rasadhlp.dll
0,1000,svchost.exe,0x73920000,True,True,True,\\Windows\\System32\\iphlpsvc.dll
0,1000,svchost.exe,0x73970000,True,True,True,\\Windows\\System32\\sqmapi.dll
0,1000,svchost.exe,0x74290000,True,True,True,\\Windows\\System32\\IKEEXT.DLL
0,1000,svchost.exe,0x73bc0000,True,True,True,\\Windows\\System32\\wbemcomn.dll
0,1000,svchost.exe,0x74010000,True,True,True,\\Windows\\System32\\winhttp.dll
0,1000,svchost.exe,0x73ed0000,True,True,True,\\Windows\\System32\\wbem\\WMIsvc.dll
0,1000,svchost.exe,0x74970000,True,True,True,\\Windows\\System32\\shsvcs.dll
0,1000,svchost.exe,0x749f0000,True,True,True,\\Windows\\System32\\es.dll
0,1000,svchost.exe,0x74a90000,True,True,True,\\Windows\\System32\\propsys.dll
0,1000,svchost.exe,0x76000000,True,True,True,\\Windows\\System32\\samlib.dll
0,1000,svchost.exe,0x75880000,True,True,True,\\Windows\\System32\\ntmarta.dll
0,1000,svchost.exe,0x755e0000,True,True,True,\\Windows\\System32\\wtsapi32.dll
0,1000,svchost.exe,0x74fb0000,True,True,True,\\Windows\\System32\\nlaapi.dll
0,1000,svchost.exe,0x74d80000,True,True,True,\\Windows\\System32\\atl.dll
0,1000,svchost.exe,0x74d70000,True,True,True,\\Windows\\System32\\Sens.dll
0,1000,svchost.exe,0x74fc0000,True,True,True,\\Windows\\System32\\rasapi32.dll
0,1000,svchost.exe,0x75120000,True,True,True,\\Windows\\System32\\QUTIL.DLL
0,1000,svchost.exe,0x75790000,True,True,True,\\Windows\\System32\\FirewallAPI.dll
0,1000,svchost.exe,0x75840000,True,True,True,\\Windows\\System32\\rtutils.dll
0,1000,svchost.exe,0x75870000,True,True,True,\\Windows\\System32\\version.dll
0,1000,svchost.exe,0x75da0000,True,True,True,\\Windows\\System32\\dhcpcsvc.dll
0,1000,svchost.exe,0x758e0000,True,True,True,\\Windows\\System32\\gpapi.dll
0,1000,svchost.exe,0x75d60000,True,True,True,\\Windows\\System32\\dhcpcsvc6.dll
0,1000,svchost.exe,0x75d90000,True,True,True,\\Windows\\System32\\winnsi.dll
0,1000,svchost.exe,0x75de0000,True,True,True,\\Windows\\System32\\IPHLPAPI.DLL
0,1000,svchost.exe,0x75e40000,True,True,True,\\Windows\\System32\\SLC.dll
0,1000,svchost.exe,0x76bb0000,True,True,True,\\Windows\\System32\\kernel32.dll
0,1000,svchost.exe,0x76590000,True,True,True,\\Windows\\System32\\nsi.dll
0,1000,svchost.exe,0x763b0000,True,True,True,\\Windows\\System32\\sysntfy.dll
0,1000,svchost.exe,0x76100000,True,True,True,\\Windows\\System32\\netapi32.dll
0,1000,svchost.exe,0x76020000,True,True,True,\\Windows\\System32\\dnsapi.dll
0,1000,svchost.exe,0x76410000,True,True,True,\\Windows\\System32\\userenv.dll
0,1000,svchost.exe,0x76570000,True,True,True,\\Windows\\System32\\psapi.dll
0,1000,svchost.exe,0x76430000,True,True,True,\\Windows\\System32\\secur32.dll
0,1000,svchost.exe,0x76580000,True,True,True,\\Windows\\System32\\lpk.dll
0,1000,svchost.exe,0x76640000,True,True,True,\\Windows\\System32\\msctf.dll
0,1000,svchost.exe,0x765a0000,True,True,True,\\Windows\\System32\\user32.dll
0,1000,svchost.exe,0x767e0000,True,True,True,\\Windows\\System32\\oleaut32.dll
0,1000,svchost.exe,0x779d0000,True,True,True,\\Windows\\System32\\advapi32.dll
0,1000,svchost.exe,0x76c90000,True,True,True,\\Windows\\System32\\ws2_32.dll
0,1000,svchost.exe,0x76d20000,True,True,True,\\Windows\\System32\\ole32.dll
0,1000,svchost.exe,0x77bd0000,True,True,True,\\Windows\\System32\\Wldap32.dll
0,1000,svchost.exe,0x77b30000,True,True,True,\\Windows\\System32\\imm32.dll
0,1000,svchost.exe,0x77b50000,True,True,True,\\Windows\\System32\\usp10.dll
0,1000,svchost.exe,0x77c20000,True,True,True,\\Windows\\System32\\rpcrt4.dll
0,1000,svchost.exe,0x77e60000,True,True,True,\\Windows\\System32\\msvcrt.dll
0,1000,svchost.exe,0x77f10000,True,True,True,\\Windows\\System32\\gdi32.dll
0,1056,SLsvc.exe,0xe30000,True,False,True,\\Windows\\System32\\SLsvc.exe
0,1056,SLsvc.exe,0x75920000,True,True,True,\\Windows\\System32\\rsaenh.dll
0,1056,SLsvc.exe,0x749c0000,True,True,True,\\Windows\\System32\\wintrust.dll
0,1056,SLsvc.exe,0x75fe0000,True,True,True,\\Windows\\System32\\msasn1.dll
0,1056,SLsvc.exe,0x76bb0000,True,True,True,\\Windows\\System32\\kernel32.dll
0,1056,SLsvc.exe,0x765a0000,True,True,True,\\Windows\\System32\\user32.dll
0,1056,SLsvc.exe,0x76410000,True,True,True,\\Windows\\System32\\userenv.dll
0,1056,SLsvc.exe,0x767e0000,True,True,True,\\Windows\\System32\\oleaut32.dll
0,1056,SLsvc.exe,0x768f0000,True,True,True,\\Windows\\System32\\setupapi.dll
0,1056,SLsvc.exe,0x77d00000,True,True,True,\\Windows\\System32\\ntdll.dll
0,1056,SLsvc.exe,0x779d0000,True,True,True,\\Windows\\System32\\advapi32.dll
0,1056,SLsvc.exe,0x76d20000,True,True,True,\\Windows\\System32\\ole32.dll
0,1056,SLsvc.exe,0x77b30000,True,True,True,\\Windows\\System32\\imm32.dll
0,1056,SLsvc.exe,0x77c20000,True,True,True,\\Windows\\System32\\rpcrt4.dll
0,1056,SLsvc.exe,0x77e60000,True,True,True,\\Windows\\System32\\msvcrt.dll
0,1056,SLsvc.exe,0x77e30000,True,True,True,\\Windows\\System32\\imagehlp.dll
0,1088,svchost.exe,0x170000,False,False,False,\\Windows\\System32\\msxml3r.dll
0,1088,svchost.exe,0x2c0000,True,False,True,\\Windows\\System32\\svchost.exe
0,1088,svchost.exe,0x739d0000,True,True,True,\\Windows\\System32\\msxml3.dll
0,1088,svchost.exe,0x735e0000,True,True,True,\\Windows\\System32\\netprofm.dll
0,1088,svchost.exe,0x73130000,True,True,True,\\Windows\\System32\\sstpsvc.dll
0,1088,svchost.exe,0x738b0000,True,True,True,\\Windows\\System32\\npmproxy.dll
0,1088,svchost.exe,0x74010000,True,True,True,\\Windows\\System32\\winhttp.dll
0,1088,svchost.exe,0x749f0000,True,True,True,\\Windows\\System32\\es.dll
0,1088,svchost.exe,0x75840000,True,True,True,\\Windows\\System32\\rtutils.dll
0,1088,svchost.exe,0x767e0000,True,True,True,\\Windows\\System32\\oleaut32.dll
0,1088,svchost.exe,0x77d00000,True,True,True,\\Windows\\System32\\ntdll.dll
0,1088,svchost.exe,0x77cf0000,True,True,True,\\Windows\\System32\\normaliz.dll
0,1160,svchost.exe,0x75880000,True,True,True,\\Windows\\System32\\ntmarta.dll
0,1160,svchost.exe,0x2c0000,True,False,True,\\Windows\\System32\\svchost.exe
0,1160,svchost.exe,0x240000,False,False,False,\\Windows\\System32\\oleaccrc.dll
0,1160,svchost.exe,0x729f0000,True,True,True,\\Windows\\System32\\netman.dll
0,1160,svchost.exe,0x70100000,True,True,True,\\Windows\\System32\\rasdlg.dll
0,1160,svchost.exe,0x72770000,True,True,True,\\Windows\\System32\\radardt.dll
0,1160,svchost.exe,0x72880000,True,True,True,\\Windows\\System32\\umrdp.dll
0,1160,svchost.exe,0x74d60000,True,True,True,\\Windows\\System32\\uxsms.dll
0,1160,svchost.exe,0x73bc0000,True,True,True,\\Windows\\System32\\wbemcomn.dll
0,1160,svchost.exe,0x73780000,True,True,True,\\Windows\\System32\\winspool.drv
0,1160,svchost.exe,0x72f00000,True,True,True,\\Windows\\System32\\umb.dll
0,1160,svchost.exe,0x72a90000,True,True,True,\\Windows\\System32\\netshell.dll
0,1160,svchost.exe,0x73590000,True,True,True,\\Windows\\System32\\hnetcfg.dll
0,1160,svchost.exe,0x73620000,True,True,True,\\Windows\\System32\\wbem\\fastprox.dll
0,1160,svchost.exe,0x738d0000,True,True,True,\\Windows\\System32\\cabinet.dll
0,1160,svchost.exe,0x73840000,True,True,True,\\Windows\\System32\\netcfgx.dll
0,1160,svchost.exe,0x738c0000,True,True,True,\\Windows\\System32\\wbem\\wbemsvc.dll
0,1160,svchost.exe,0x738f0000,True,True,True,\\Windows\\System32\\wbem\\wbemprox.dll
0,1160,svchost.exe,0x748f0000,True,True,True,\\Windows\\System32\\mprapi.dll
0,1160,svchost.exe,0x743f0000,True,True,True,\\Windows\\System32\\credui.dll
0,1160,svchost.exe,0x741f0000,True,True,True,\\Windows\\System32\\trkwks.dll
0,1160,svchost.exe,0x74010000,True,True,True,\\Windows\\System32\\winhttp.dll
0,1160,svchost.exe,0x743b0000,True,True,True,\\Windows\\System32\\wdi.dll
0,1160,svchost.exe,0x74420000,True,True,True,\\Windows\\System32\\adsldpc.dll
0,1160,svchost.exe,0x74460000,True,True,True,\\Windows\\System32\\activeds.dll
0,1160,svchost.exe,0x74ce0000,True,True,True,\\Windows\\System32\\oleacc.dll
0,1160,svchost.exe,0x749c0000,True,True,True,\\Windows\\System32\\wintrust.dll
0,1160,svchost.exe,0x74d20000,True,True,True,\\Windows\\System32\\winmm.dll
0,1160,svchost.exe,0x755e0000,True,True,True,\\Windows\\System32\\wtsapi32.dll
0,1160,svchost.exe,0x74fb0000,True,True,True,\\Windows\\System32\\nlaapi.dll
0,1160,svchost.exe,0x74d80000,True,True,True,\\Windows\\System32\\atl.dll
0,1160,svchost.exe,0x750b0000,True,True,True,\\Windows\\System32\\tapi32.dll
0,1160,svchost.exe,0x74fc0000,True,True,True,\\Windows\\System32\\rasapi32.dll
0,1160,svchost.exe,0x75150000,True,True,True,\\Windows\\winsxs\\x86_microsoft.windows.common-controls_6595b64144ccf1df_6.0.6001.18000_none_5cdbaa5a083979cc\\comctl32.dll
0,1160,svchost.exe,0x75840000,True,True,True,\\Windows\\System32\\rtutils.dll
0,1160,svchost.exe,0x75770000,True,True,True,\\Windows\\System32\\rasman.dll
0,1160,svchost.exe,0x75850000,True,True,True,\\Windows\\System32\\WSHTCPIP.DLL
0,1160,svchost.exe,0x75870000,True,True,True,\\Windows\\System32\\version.dll
0,1160,svchost.exe,0x76bb0000,True,True,True,\\Windows\\System32\\kernel32.dll
0,1160,svchost.exe,0x76410000,True,True,True,\\Windows\\System32\\userenv.dll
0,1160,svchost.exe,0x75e80000,True,True,True,\\Windows\\System32\\crypt32.dll
0,1160,svchost.exe,0x75d90000,True,True,True,\\Windows\\System32\\winnsi.dll
0,1160,svchost.exe,0x75ba0000,True,True,True,\\Windows\\System32\\mswsock.dll
0,1160,svchost.exe,0x75920000,True,True,True,\\Windows\\System32\\rsaenh.dll
0,1160,svchost.exe,0x758e0000,True,True,True,\\Windows\\System32\\gpapi.dll
0,1160,svchost.exe,0x75d60000,True,True,True,\\Windows\\System32\\dhcpcsvc6.dll
0,1160,svchost.exe,0x75de0000,True,True,True,\\Windows\\System32\\IPHLPAPI.DLL
0,1160,svchost.exe,0x75da0000,True,True,True,\\Windows\\System32\\dhcpcsvc.dll
0,1160,svchost.exe,0x75e40000,True,True,True,\\Windows\\System32\\SLC.dll
0,1160,svchost.exe,0x76000000,True,True,True,\\Windows\\System32\\samlib.dll
0,1160,svchost.exe,0x75fe0000,True,True,True,\\Windows\\System32\\msasn1.dll
0,1160,svchost.exe,0x75fc0000,True,True,True,\\Windows\\System32\\ntdsapi.dll
0,1160,svchost.exe,0x76100000,True,True,True,\\Windows\\System32\\netapi32.dll
0,1160,svchost.exe,0x76020000,True,True,True,\\Windows\\System32\\dnsapi.dll
0,1160,svchost.exe,0x763e0000,True,True,True,\\Windows\\System32\\winsta.dll
0,1160,svchost.exe,0x76380000,True,True,True,\\Windows\\System32\\apphelp.dll
0,1160,svchost.exe,0x76590000,True,True,True,\\Windows\\System32\\nsi.dll
0,1160,svchost.exe,0x76570000,True,True,True,\\Windows\\System32\\psapi.dll
0,1160,svchost.exe,0x76430000,True,True,True,\\Windows\\System32\\secur32.dll
0,1160,svchost.exe,0x76580000,True,True,True,\\Windows\\System32\\lpk.dll
0,1160,svchost.exe,0x76640000,True,True,True,\\Windows\\System32\\msctf.dll
0,1160,svchost.exe,0x765a0000,True,True,True,\\Windows\\System32\\user32.dll
0,1160,svchost.exe,0x767e0000,True,True,True,\\Windows\\System32\\oleaut32.dll
0,1160,svchost.exe,0x768f0000,True,True,True,\\Windows\\System32\\setupapi.dll
0,1160,svchost.exe,0x77d00000,True,True,True,\\Windows\\System32\\ntdll.dll
0,1160,svchost.exe,0x779d0000,True,True,True,\\Windows\\System32\\advapi32.dll
0,1160,svchost.exe,0x76cc0000,True,True,True,\\Windows\\System32\\shlwapi.dll
0,1160,svchost.exe,0x76c90000,True,True,True,\\Windows\\System32\\ws2_32.dll
0,1160,svchost.exe,0x76d20000,True,True,True,\\Windows\\System32\\ole32.dll
0,1160,svchost.exe,0x76e70000,True,True,True,\\Windows\\System32\\shell32.dll
0,1160,svchost.exe,0x77bd0000,True,True,True,\\Windows\\System32\\Wldap32.dll
0,1160,svchost.exe,0x77b30000,True,True,True,\\Windows\\System32\\imm32.dll
0,1160,svchost.exe,0x77aa0000,True,True,True,\\Windows\\System32\\clbcatq.dll
0,1160,svchost.exe,0x77b50000,True,True,True,\\Windows\\System32\\usp10.dll
0,1160,svchost.exe,0x77c20000,True,True,True,\\Windows\\System32\\rpcrt4.dll
0,1160,svchost.exe,0x77e60000,True,True,True,\\Windows\\System32\\msvcrt.dll
0,1160,svchost.exe,0x77e30000,True,True,True,\\Windows\\System32\\imagehlp.dll
0,1160,svchost.exe,0x77f10000,True,True,True,\\Windows\\System32\\gdi32.dll
0,1188,svchost.exe,0x73b30000,True,True,True,\\Windows\\System32\\termsrv.dll
0,1188,svchost.exe,0x2c0000,True,False,True,\\Windows\\System32\\svchost.exe
0,1188,svchost.exe,0x1610000,False,False,False,\\Windows\\System32\\en-US\\WsmRes.dll.mui
0,1188,svchost.exe,0x6ebf0000,True,True,True,\\Windows\\System32\\WsmSvc.dll
0,1188,svchost.exe,0x6eaa0000,True,True,True,\\Windows\\System32\\wevtfwd.dll
0,1188,svchost.exe,0x6eb90000,True,True,True,\\Windows\\System32\\winrsmgr.dll
0,1188,svchost.exe,0x72fa0000,True,True,True,\\Windows\\System32\\SDClient.dll
0,1188,svchost.exe,0x71840000,True,True,True,\\Windows\\System32\\WsmRes.dll
0,1188,svchost.exe,0x6f090000,True,True,True,\\Windows\\System32\\esent.dll
0,1188,svchost.exe,0x6edf0000,True,True,True,\\Windows\\System32\\WsmProv.dll
0,1188,svchost.exe,0x71860000,True,True,True,\\Windows\\System32\\cryptnet.dll
0,1188,svchost.exe,0x72f10000,True,True,True,\\Windows\\System32\\mstlsapi.dll
0,1188,svchost.exe,0x73190000,True,True,True,\\Windows\\System32\\regapi.dll
0,1188,svchost.exe,0x72fe0000,True,True,True,\\Windows\\System32\\rdpwsx.dll
0,1188,svchost.exe,0x730d0000,True,True,True,\\Windows\\System32\\msdtckrm.dll
0,1188,svchost.exe,0x73290000,True,True,True,\\Windows\\System32\\SensApi.dll
0,1188,svchost.exe,0x731c0000,True,True,True,\\Windows\\System32\\security.dll
0,1188,svchost.exe,0x731b0000,True,True,True,\\Windows\\System32\\lsmproxy.dll
0,1188,svchost.exe,0x73960000,True,True,True,\\Windows\\System32\\rasadhlp.dll
0,1188,svchost.exe,0x738d0000,True,True,True,\\Windows\\System32\\cabinet.dll
0,1188,svchost.exe,0x73b00000,True,True,True,\\Windows\\System32\\clusapi.dll
0,1188,svchost.exe,0x76bb0000,True,True,True,\\Windows\\System32\\kernel32.dll
0,1188,svchost.exe,0x75ba0000,True,True,True,\\Windows\\System32\\mswsock.dll
0,1188,svchost.exe,0x749f0000,True,True,True,\\Windows\\System32\\es.dll
0,1188,svchost.exe,0x743d0000,True,True,True,\\Windows\\System32\\vsstrace.dll
0,1188,svchost.exe,0x73f60000,True,True,True,\\Windows\\System32\\cfgmgr32.dll
0,1188,svchost.exe,0x73f50000,True,True,True,\\Windows\\System32\\icaapi.dll
0,1188,svchost.exe,0x73bb0000,True,True,True,\\Windows\\System32\\ssdpapi.dll
0,1188,svchost.exe,0x74320000,True,True,True,\\Windows\\System32\\ncsi.dll
0,1188,svchost.exe,0x74210000,True,True,True,\\Windows\\System32\\NapiNSP.dll
0,1188,svchost.exe,0x74010000,True,True,True,\\Windows\\System32\\winhttp.dll
0,1188,svchost.exe,0x74220000,True,True,True,\\Windows\\System32\\winrnr.dll
0,1188,svchost.exe,0x74340000,True,True,True,\\Windows\\System32\\nlasvc.dll
0,1188,svchost.exe,0x74460000,True,True,True,\\Windows\\System32\\activeds.dll
0,1188,svchost.exe,0x74420000,True,True,True,\\Windows\\System32\\adsldpc.dll
0,1188,svchost.exe,0x743f0000,True,True,True,\\Windows\\System32\\credui.dll
0,1188,svchost.exe,0x745b0000,True,True,True,\\Windows\\System32\\cryptsvc.dll
0,1188,svchost.exe,0x744a0000,True,True,True,\\Windows\\System32\\vssapi.dll
0,1188,svchost.exe,0x749c0000,True,True,True,\\Windows\\System32\\wintrust.dll
0,1188,svchost.exe,0x755e0000,True,True,True,\\Windows\\System32\\wtsapi32.dll
0,1188,svchost.exe,0x74d80000,True,True,True,\\Windows\\System32\\atl.dll
0,1188,svchost.exe,0x74a50000,True,True,True,\\Windows\\System32\\dnsrslvr.dll
0,1188,svchost.exe,0x74a90000,True,True,True,\\Windows\\System32\\propsys.dll
0,1188,svchost.exe,0x74fb0000,True,True,True,\\Windows\\System32\\nlaapi.dll
0,1188,svchost.exe,0x74fa0000,True,True,True,\\Windows\\System32\\ktmw32.dll
0,1188,svchost.exe,0x75150000,True,True,True,\\Windows\\winsxs\\x86_microsoft.windows.common-controls_6595b64144ccf1df_6.0.6001.18000_none_5cdbaa5a083979cc\\comctl32.dll
0,1188,svchost.exe,0x75880000,True,True,True,\\Windows\\System32\\ntmarta.dll
0,1188,svchost.exe,0x75850000,True,True,True,\\Windows\\System32\\WSHTCPIP.DLL
0,1188,svchost.exe,0x75610000,True,True,True,\\Windows\\System32\\xmllite.dll
0,1188,svchost.exe,0x75870000,True,True,True,\\Windows\\System32\\version.dll
0,1188,svchost.exe,0x75920000,True,True,True,\\Windows\\System32\\rsaenh.dll
0,1188,svchost.exe,0x758e0000,True,True,True,\\Windows\\System32\\gpapi.dll
0,1188,svchost.exe,0x75990000,True,True,True,\\Windows\\System32\\schannel.dll
0,1188,svchost.exe,0x76000000,True,True,True,\\Windows\\System32\\samlib.dll
0,1188,svchost.exe,0x75d90000,True,True,True,\\Windows\\System32\\winnsi.dll
0,1188,svchost.exe,0x75cc0000,True,True,True,\\Windows\\System32\\bcrypt.dll
0,1188,svchost.exe,0x75c00000,True,True,True,\\Windows\\System32\\wship6.dll
0,1188,svchost.exe,0x75ca0000,True,True,True,\\Windows\\System32\\credssp.dll
0,1188,svchost.exe,0x75d60000,True,True,True,\\Windows\\System32\\dhcpcsvc6.dll
0,1188,svchost.exe,0x75d10000,True,True,True,\\Windows\\System32\\ncrypt.dll
0,1188,svchost.exe,0x75e80000,True,True,True,\\Windows\\System32\\crypt32.dll
0,1188,svchost.exe,0x75de0000,True,True,True,\\Windows\\System32\\IPHLPAPI.DLL
0,1188,svchost.exe,0x75da0000,True,True,True,\\Windows\\System32\\dhcpcsvc.dll
0,1188,svchost.exe,0x75e00000,True,True,True,\\Windows\\System32\\wevtapi.dll
0,1188,svchost.exe,0x75e40000,True,True,True,\\Windows\\System32\\SLC.dll
0,1188,svchost.exe,0x75fc0000,True,True,True,\\Windows\\System32\\ntdsapi.dll
0,1188,svchost.exe,0x75f80000,True,True,True,\\Windows\\System32\\mpr.dll
0,1188,svchost.exe,0x75fe0000,True,True,True,\\Windows\\System32\\msasn1.dll
0,1188,svchost.exe,0x76570000,True,True,True,\\Windows\\System32\\psapi.dll
0,1188,svchost.exe,0x763c0000,True,True,True,\\Windows\\System32\\authz.dll
0,1188,svchost.exe,0x76050000,True,True,True,\\Windows\\System32\\cryptdll.dll
0,1188,svchost.exe,0x76020000,True,True,True,\\Windows\\System32\\dnsapi.dll
0,1188,svchost.exe,0x76100000,True,True,True,\\Windows\\System32\\netapi32.dll
0,1188,svchost.exe,0x76410000,True,True,True,\\Windows\\System32\\userenv.dll
0,1188,svchost.exe,0x763e0000,True,True,True,\\Windows\\System32\\winsta.dll
0,1188,svchost.exe,0x76430000,True,True,True,\\Windows\\System32\\secur32.dll
0,1188,svchost.exe,0x765a0000,True,True,True,\\Windows\\System32\\user32.dll
0,1188,svchost.exe,0x76590000,True,True,True,\\Windows\\System32\\nsi.dll
0,1188,svchost.exe,0x76580000,True,True,True,\\Windows\\System32\\lpk.dll
0,1188,svchost.exe,0x767e0000,True,True,True,\\Windows\\System32\\oleaut32.dll
0,1188,svchost.exe,0x76640000,True,True,True,\\Windows\\System32\\msctf.dll
0,1188,svchost.exe,0x768f0000,True,True,True,\\Windows\\System32\\setupapi.dll
0,1188,svchost.exe,0x77d00000,True,True,True,\\Windows\\System32\\ntdll.dll
0,1188,svchost.exe,0x779d0000,True,True,True,\\Windows\\System32\\advapi32.dll
0,1188,svchost.exe,0x76cc0000,True,True,True,\\Windows\\System32\\shlwapi.dll
0,1188,svchost.exe,0x76c90000,True,True,True,\\Windows\\System32\\ws2_32.dll
0,1188,svchost.exe,0x76d20000,True,True,True,\\Windows\\System32\\ole32.dll
0,1188,svchost.exe,0x76e70000,True,True,True,\\Windows\\System32\\shell32.dll
0,1188,svchost.exe,0x77bd0000,True,True,True,\\Windows\\System32\\Wldap32.dll
0,1188,svchost.exe,0x77b30000,True,True,True,\\Windows\\System32\\imm32.dll
0,1188,svchost.exe,0x77aa0000,True,True,True,\\Windows\\System32\\clbcatq.dll
0,1188,svchost.exe,0x77b50000,True,True,True,\\Windows\\System32\\usp10.dll
0,1188,svchost.exe,0x77c20000,True,True,True,\\Windows\\System32\\rpcrt4.dll
0,1188,svchost.exe,0x77e60000,True,True,True,\\Windows\\System32\\msvcrt.dll
0,1188,svchost.exe,0x77e30000,True,True,True,\\Windows\\System32\\imagehlp.dll
0,1188,svchost.exe,0x77f10000,True,True,True,\\Windows\\System32\\gdi32.dll
0,1308,svchost.exe,0x2c0000,True,False,True,\\Windows\\System32\\svchost.exe
0,1308,svchost.exe,0x74690000,True,True,True,
0,1308,svchost.exe,0x738b0000,True,True,True,\\Windows\\System32\\npmproxy.dll
0,1308,svchost.exe,0x74190000,True,True,True,\\Windows\\System32\\taskschd.dll
0,1308,svchost.exe,0x743b0000,True,True,True,\\Windows\\System32\\wdi.dll
0,1308,svchost.exe,0x75790000,True,True,True,\\Windows\\System32\\FirewallAPI.dll
0,1308,svchost.exe,0x76bb0000,True,True,True,\\Windows\\System32\\kernel32.dll
0,1308,svchost.exe,0x75880000,True,True,True,\\Windows\\System32\\ntmarta.dll
0,1308,svchost.exe,0x75ca0000,True,True,True,\\Windows\\System32\\credssp.dll
0,1308,svchost.exe,0x76020000,True,True,True,\\Windows\\System32\\dnsapi.dll
0,1308,svchost.exe,0x77b30000,True,True,True,\\Windows\\System32\\imm32.dll
0,1308,svchost.exe,0x76cc0000,True,True,True,\\Windows\\System32\\shlwapi.dll
0,1424,spoolsv.exe,0x670000,True,False,True,\\Windows\\System32\\spoolsv.exe
0,1424,spoolsv.exe,0x340000,False,False,False,\\Windows\\System32\\msxml3r.dll
0,1424,spoolsv.exe,0x1730000,True,True,True,\\Windows\\System32\\spool\\prtprocs\\w32x86\\TPWinPrn.dll
0,1424,spoolsv.exe,0x732e0000,True,True,True,\\Windows\\System32\\localspl.dll
0,1424,spoolsv.exe,0x10000000,True,True,True,\\Windows\\System32\\TPVMMon.dll
0,1424,spoolsv.exe,0x73250000,True,True,True,\\Windows\\System32\\WSDMon.dll
0,1424,spoolsv.exe,0x731d0000,True,True,True,\\Windows\\System32\\printcom.dll
0,1424,spoolsv.exe,0x731e0000,True,True,True,\\Windows\\System32\\win32spl.dll
0,1424,spoolsv.exe,0x73280000,True,True,True,\\Windows\\System32\\WlS0WndH.dll
0,1424,spoolsv.exe,0x73290000,True,True,True,\\Windows\\System32\\SensApi.dll
0,1424,spoolsv.exe,0x739d0000,True,True,True,\\Windows\\System32\\msxml3.dll
0,1424,spoolsv.exe,0x734c0000,True,True,True,\\Windows\\System32\\usbmon.dll
0,1424,spoolsv.exe,0x73500000,True,True,True,\\Windows\\System32\\tcpmon.dll
0,1424,spoolsv.exe,0x73900000,True,True,True,\\Windows\\System32\\resutils.dll
0,1424,spoolsv.exe,0x74010000,True,True,True,\\Windows\\System32\\winhttp.dll
0,1424,spoolsv.exe,0x73b00000,True,True,True,\\Windows\\System32\\clusapi.dll
0,1424,spoolsv.exe,0x73c20000,True,True,True,\\Windows\\System32\\netrap.dll
0,1424,spoolsv.exe,0x73f60000,True,True,True,\\Windows\\System32\\cfgmgr32.dll
0,1424,spoolsv.exe,0x74220000,True,True,True,\\Windows\\System32\\winrnr.dll
0,1424,spoolsv.exe,0x74460000,True,True,True,\\Windows\\System32\\activeds.dll
0,1424,spoolsv.exe,0x75ba0000,True,True,True,\\Windows\\System32\\mswsock.dll
0,1424,spoolsv.exe,0x75880000,True,True,True,\\Windows\\System32\\ntmarta.dll
0,1424,spoolsv.exe,0x75e40000,True,True,True,\\Windows\\System32\\SLC.dll
0,1424,spoolsv.exe,0x75ca0000,True,True,True,\\Windows\\System32\\credssp.dll
0,1424,spoolsv.exe,0x75e80000,True,True,True,\\Windows\\System32\\crypt32.dll
0,1424,spoolsv.exe,0x76410000,True,True,True,\\Windows\\System32\\userenv.dll
0,1424,spoolsv.exe,0x77d00000,True,True,True,\\Windows\\System32\\ntdll.dll
0,1424,spoolsv.exe,0x76bb0000,True,True,True,\\Windows\\System32\\kernel32.dll
0,1424,spoolsv.exe,0x76580000,True,True,True,\\Windows\\System32\\lpk.dll
0,1424,spoolsv.exe,0x77bd0000,True,True,True,\\Windows\\System32\\Wldap32.dll
0,1424,spoolsv.exe,0x77f10000,True,True,True,\\Windows\\System32\\gdi32.dll
0,1460,armsvc.exe,0x76580000,False,False,False,\\Windows\\System32\\lpk.dll
0,1460,armsvc.exe,0x767e0000,False,False,False,\\Windows\\System32\\oleaut32.dll
0,1460,armsvc.exe,0x77d00000,False,False,False,\\Windows\\System32\\ntdll.dll
0,1460,armsvc.exe,0x77b50000,False,False,False,\\Windows\\System32\\usp10.dll
0,1460,armsvc.exe,0x77e30000,False,False,False,\\Windows\\System32\\imagehlp.dll
0,1480,dns.exe,0x730000,True,False,True,\\Windows\\System32\\dns.exe
0,1480,dns.exe,0x75ba0000,True,True,True,\\Windows\\System32\\mswsock.dll
0,1480,dns.exe,0x75990000,True,True,True,\\Windows\\System32\\schannel.dll
0,1480,dns.exe,0x75b60000,True,True,True,\\Windows\\System32\\msv1_0.dll
0,1480,dns.exe,0x75c20000,True,True,True,\\Windows\\System32\\kerberos.dll
0,1480,dns.exe,0x75c00000,True,True,True,\\Windows\\System32\\wship6.dll
0,1480,dns.exe,0x75e80000,True,True,True,\\Windows\\System32\\crypt32.dll
0,1480,dns.exe,0x76430000,True,True,True,\\Windows\\System32\\secur32.dll
0,1480,dns.exe,0x76410000,True,True,True,\\Windows\\System32\\userenv.dll
0,1480,dns.exe,0x779d0000,True,True,True,\\Windows\\System32\\advapi32.dll
0,1480,dns.exe,0x76e70000,True,True,True,\\Windows\\System32\\shell32.dll
0,1508,ftpbasicsvr.exe,0x75150000,False,False,False,\\Windows\\winsxs\\x86_microsoft.windows.common-controls_6595b64144ccf1df_6.0.6001.18000_none_5cdbaa5a083979cc\\comctl32.dll
0,1508,ftpbasicsvr.exe,0x76590000,False,False,False,\\Windows\\System32\\nsi.dll
0,1508,ftpbasicsvr.exe,0x76430000,False,False,False,\\Windows\\System32\\secur32.dll
0,1508,ftpbasicsvr.exe,0x75ba0000,False,False,False,\\Windows\\System32\\mswsock.dll
0,1508,ftpbasicsvr.exe,0x75850000,False,False,False,\\Windows\\System32\\WSHTCPIP.DLL
0,1508,ftpbasicsvr.exe,0x76640000,False,False,False,\\Windows\\System32\\msctf.dll
0,1508,ftpbasicsvr.exe,0x76cc0000,False,False,False,\\Windows\\System32\\shlwapi.dll
0,1508,ftpbasicsvr.exe,0x77c20000,False,False,False,\\Windows\\System32\\rpcrt4.dll
0,1508,ftpbasicsvr.exe,0x77e60000,False,False,False,\\Windows\\System32\\msvcrt.dll
0,1576,svchost.exe,0x20000,False,False,False,\\Windows\\System32\\en-US\\svchost.exe.mui
0,1576,svchost.exe,0x2c0000,True,False,True,\\Windows\\System32\\svchost.exe
0,1576,svchost.exe,0x75ba0000,True,True,True,\\Windows\\System32\\mswsock.dll
0,1576,svchost.exe,0x75790000,True,True,True,\\Windows\\System32\\FirewallAPI.dll
0,1576,svchost.exe,0x75850000,True,True,True,\\Windows\\System32\\WSHTCPIP.DLL
0,1576,svchost.exe,0x75990000,True,True,True,\\Windows\\System32\\schannel.dll
0,1576,svchost.exe,0x75ca0000,True,True,True,\\Windows\\System32\\credssp.dll
0,1576,svchost.exe,0x75c00000,True,True,True,\\Windows\\System32\\wship6.dll
0,1576,svchost.exe,0x76020000,True,True,True,\\Windows\\System32\\dnsapi.dll
0,1576,svchost.exe,0x75fe0000,True,True,True,\\Windows\\System32\\msasn1.dll
0,1576,svchost.exe,0x763c0000,True,True,True,\\Windows\\System32\\authz.dll
0,1576,svchost.exe,0x76100000,True,True,True,\\Windows\\System32\\netapi32.dll
0,1576,svchost.exe,0x76590000,True,True,True,\\Windows\\System32\\nsi.dll
0,1576,svchost.exe,0x76570000,True,True,True,\\Windows\\System32\\psapi.dll
0,1576,svchost.exe,0x765a0000,True,True,True,\\Windows\\System32\\user32.dll
0,1576,svchost.exe,0x767e0000,True,True,True,\\Windows\\System32\\oleaut32.dll
0,1576,svchost.exe,0x76d20000,True,True,True,\\Windows\\System32\\ole32.dll
0,1576,svchost.exe,0x77e60000,True,True,True,\\Windows\\System32\\msvcrt.dll
0,1604,svchost.exe,0x60000,False,False,False,\\Windows\\System32\\en-US\\svchost.exe.mui
0,1604,svchost.exe,0x75ca0000,False,False,False,\\Windows\\System32\\credssp.dll
0,1604,svchost.exe,0x74300000,False,False,False,\\Windows\\System32\\regsvc.dll
0,1604,svchost.exe,0x75990000,False,False,False,\\Windows\\System32\\schannel.dll
0,1604,svchost.exe,0x76430000,False,False,False,\\Windows\\System32\\secur32.dll
0,1604,svchost.exe,0x76640000,False,False,False,\\Windows\\System32\\msctf.dll
0,1604,svchost.exe,0x77b30000,False,False,False,\\Windows\\System32\\imm32.dll
0,1604,svchost.exe,0x77f10000,False,False,False,\\Windows\\System32\\gdi32.dll
0,1620,snmp.exe,0x1d0000,False,False,False,\\Windows\\System32\\en-US\\evntagnt.dll.mui
0,1620,snmp.exe,0x73f90000,False,False,False,\\Windows\\System32\\inetmib1.dll
0,1620,snmp.exe,0x73f70000,False,False,False,\\Windows\\System32\\hostmib.dll
0,1620,snmp.exe,0x73780000,False,False,False,\\Windows\\System32\\winspool.drv
0,1620,snmp.exe,0x73f80000,False,False,False,\\Windows\\System32\\lmmib2.dll
0,1620,snmp.exe,0x73ff0000,False,False,False,\\Windows\\System32\\mcastmib.dll
0,1620,snmp.exe,0x73fb0000,False,False,False,\\Windows\\System32\\evntagnt.dll
0,1620,snmp.exe,0x73fa0000,False,False,False,\\Windows\\System32\\wsock32.dll
0,1620,snmp.exe,0x73fd0000,False,False,False,\\Windows\\System32\\snmpmib.dll
0,1620,snmp.exe,0x74000000,False,False,False,\\Windows\\System32\\ripagnt.dll
0,1620,snmp.exe,0x74220000,False,False,False,\\Windows\\System32\\winrnr.dll
0,1620,snmp.exe,0x74fb0000,False,False,False,\\Windows\\System32\\nlaapi.dll
0,1620,snmp.exe,0x75840000,False,False,False,\\Windows\\System32\\rtutils.dll
0,1620,snmp.exe,0x75ba0000,False,False,False,\\Windows\\System32\\mswsock.dll
0,1620,snmp.exe,0x75c00000,False,False,False,\\Windows\\System32\\wship6.dll
0,1620,snmp.exe,0x75d90000,False,False,False,\\Windows\\System32\\winnsi.dll
0,1620,snmp.exe,0x76000000,False,False,False,\\Windows\\System32\\samlib.dll
0,1620,snmp.exe,0x768f0000,False,False,False,\\Windows\\System32\\setupapi.dll
0,1620,snmp.exe,0x77c20000,False,False,False,\\Windows\\System32\\rpcrt4.dll
0,1620,snmp.exe,0x77bd0000,False,False,False,\\Windows\\System32\\Wldap32.dll
0,1620,snmp.exe,0x77e60000,False,False,False,\\Windows\\System32\\msvcrt.dll
0,1640,vmtoolsd.exe,0x1340000,True,False,True,\\Program Files\\VMware\\VMware Tools\\vmtoolsd.exe
0,1640,vmtoolsd.exe,0x70000,True,True,True,\\Program Files\\VMware\\VMware Tools\\gmodule-2.0.dll
0,1640,vmtoolsd.exe,0xb90000,True,True,True,\\Program Files\\VMware\\VMware Tools\\glib-2.0.dll
0,1640,vmtoolsd.exe,0x1330000,False,False,False,
0,1640,vmtoolsd.exe,0x2430000,False,False,False,\\Windows\\System32\\en-US\\azroles.dll.mui
0,1640,vmtoolsd.exe,0x2440000,False,False,False,
0,1640,vmtoolsd.exe,0x2690000,False,False,False,\\Windows\\System32\\httpapi.dll
0,1640,vmtoolsd.exe,0x2650000,False,False,False,\\Windows\\System32\\lsm.exe
0,1640,vmtoolsd.exe,0x26a0000,False,False,False,\\Windows\\System32\\tbssvc.dll
0,1640,vmtoolsd.exe,0x3030000,False,False,False,\\Windows\\System32\\netlogon.dll
0,1640,vmtoolsd.exe,0x2c30000,False,False,False,\\Windows\\System32\\azroles.dll
0,1640,vmtoolsd.exe,0x2b90000,False,False,False,\\Windows\\System32\\FWPUCLNT.DLL
0,1640,vmtoolsd.exe,0x2e10000,False,False,False,\\Windows\\System32\\FWPUCLNT.DLL
0,1640,vmtoolsd.exe,0x738f0000,True,True,True,\\Windows\\System32\\wbem\\wbemprox.dll
0,1640,vmtoolsd.exe,0x73620000,True,True,True,\\Windows\\System32\\wbem\\fastprox.dll
0,1640,vmtoolsd.exe,0x728c0000,True,True,True,\\Windows\\System32\\comsvcs.dll
0,1640,vmtoolsd.exe,0x738c0000,True,True,True,\\Windows\\System32\\wbem\\wbemsvc.dll
0,1640,vmtoolsd.exe,0x73840000,True,True,True,\\Windows\\System32\\netcfgx.dll
0,1640,vmtoolsd.exe,0x73d10000,True,True,True,\\Windows\\winsxs\\x86_microsoft.vc90.crt_1fc8b3b9a1e18e3b_9.0.30729.6161_none_50934f2ebcb7eb57\\msvcp90.dll
0,1640,vmtoolsd.exe,0x76020000,True,True,True,\\Windows\\System32\\dnsapi.dll
0,1640,vmtoolsd.exe,0x73e60000,True,True,True,\\Program Files\\VMware\\VMware Tools\\plugins\\vmsvc\\autoUpgrade.dll
0,1640,vmtoolsd.exe,0x745e0000,True,True,True,\\Windows\\winsxs\\x86_microsoft.vc90.crt_1fc8b3b9a1e18e3b_9.0.30729.6161_none_50934f2ebcb7eb57\\msvcr90.dll
0,1640,vmtoolsd.exe,0x74070000,True,True,True,\\Program Files\\VMware\\VMware Tools\\vmtools.dll
0,1640,vmtoolsd.exe,0x75650000,True,True,True,\\Windows\\System32\\perfos.dll
0,1640,vmtoolsd.exe,0x75da0000,True,True,True,\\Windows\\System32\\dhcpcsvc.dll
0,1640,vmtoolsd.exe,0x75f80000,True,True,True,\\Windows\\System32\\mpr.dll
0,1640,vmtoolsd.exe,0x75de0000,True,True,True,\\Windows\\System32\\IPHLPAPI.DLL
0,1640,vmtoolsd.exe,0x76d20000,True,True,True,\\Windows\\System32\\ole32.dll
0,1640,vmtoolsd.exe,0x76380000,True,True,True,\\Windows\\System32\\apphelp.dll
0,1640,vmtoolsd.exe,0x76bb0000,True,True,True,\\Windows\\System32\\kernel32.dll
0,1640,vmtoolsd.exe,0x767e0000,True,True,True,\\Windows\\System32\\oleaut32.dll
0,1640,vmtoolsd.exe,0x77d00000,True,True,True,\\Windows\\System32\\ntdll.dll
0,1640,vmtoolsd.exe,0x76e70000,True,True,True,\\Windows\\System32\\shell32.dll
0,1640,vmtoolsd.exe,0x77c20000,True,True,True,\\Windows\\System32\\rpcrt4.dll
0,1696,svchost.exe,0x2c0000,True,False,True,\\Windows\\System32\\svchost.exe
0,1696,svchost.exe,0x755e0000,True,True,True,\\Windows\\System32\\wtsapi32.dll
0,1696,svchost.exe,0x779d0000,True,True,True,\\Windows\\System32\\advapi32.dll
0,1696,svchost.exe,0x77c20000,True,True,True,\\Windows\\System32\\rpcrt4.dll
0,1696,svchost.exe,0x77e60000,True,True,True,\\Windows\\System32\\msvcrt.dll
0,832,TPAutoConnSvc.e,0x400000,True,False,True,\\Program Files\\VMware\\VMware Tools\\TPAutoConnSvc.exe
0,832,TPAutoConnSvc.e,0x41000000,True,True,True,\\Windows\\System32\\TPSvc.dll
0,832,TPAutoConnSvc.e,0x10000000,True,True,True,\\Windows\\System32\\tprdpw32.dll
0,832,TPAutoConnSvc.e,0x755e0000,True,True,True,\\Windows\\System32\\wtsapi32.dll
0,832,TPAutoConnSvc.e,0x758e0000,True,True,True,\\Windows\\System32\\gpapi.dll
0,832,TPAutoConnSvc.e,0x765a0000,True,True,True,\\Windows\\System32\\user32.dll
0,832,TPAutoConnSvc.e,0x767e0000,True,True,True,\\Windows\\System32\\oleaut32.dll
0,832,TPAutoConnSvc.e,0x76870000,True,True,True,\\Windows\\System32\\comdlg32.dll
0,832,TPAutoConnSvc.e,0x76c90000,True,True,True,\\Windows\\System32\\ws2_32.dll
0,1924,dllhost.exe,0x250000,True,False,True,\\Windows\\System32\\dllhost.exe
0,1924,dllhost.exe,0x72170000,True,True,True,\\Windows\\System32\\catsrv.dll
0,1924,dllhost.exe,0x720f0000,True,True,True,\\Windows\\System32\\catsrvut.dll
0,1924,dllhost.exe,0x72410000,True,True,True,\\Windows\\System32\\mfcsubs.dll
0,1924,dllhost.exe,0x72250000,True,True,True,\\Windows\\System32\\catsrvps.dll
0,1924,dllhost.exe,0x73b00000,True,True,True,\\Windows\\System32\\clusapi.dll
0,1924,dllhost.exe,0x73900000,True,True,True,\\Windows\\System32\\resutils.dll
0,1924,dllhost.exe,0x74fb0000,True,True,True,\\Windows\\System32\\nlaapi.dll
0,1924,dllhost.exe,0x75610000,True,True,True,\\Windows\\System32\\xmllite.dll
0,1924,dllhost.exe,0x75cc0000,True,True,True,\\Windows\\System32\\bcrypt.dll
0,1924,dllhost.exe,0x76050000,True,True,True,\\Windows\\System32\\cryptdll.dll
0,1924,dllhost.exe,0x767e0000,True,True,True,\\Windows\\System32\\oleaut32.dll
0,1572,msdtc.exe,0xc70000,True,False,True,\\Windows\\System32\\msdtc.exe
0,1572,msdtc.exe,0x170000,False,False,False,\\Windows\\System32\\oleaccrc.dll
0,1572,msdtc.exe,0xcb0000,False,False,False,\\Windows\\System32\\en-US\\msdtcVSp1res.dll.mui
0,1572,msdtc.exe,0x72420000,True,True,True,\\Windows\\System32\\comres.dll
0,1572,msdtc.exe,0x73b00000,True,True,True,\\Windows\\System32\\clusapi.dll
0,1572,msdtc.exe,0x72a70000,True,True,True,\\Windows\\System32\\msdtclog.dll
0,1572,msdtc.exe,0x72840000,True,True,True,\\Windows\\System32\\mtxoci.dll
0,1572,msdtc.exe,0x726c0000,True,True,True,\\Windows\\System32\\msdtcprx.dll
0,1572,msdtc.exe,0x72a40000,True,True,True,\\Windows\\System32\\msdtcVSp1res.dll
0,1572,msdtc.exe,0x72fd0000,True,True,True,\\Windows\\System32\\xolehlp.dll
0,1572,msdtc.exe,0x74ce0000,True,True,True,\\Windows\\System32\\oleacc.dll
0,1572,msdtc.exe,0x75150000,True,True,True,\\Windows\\winsxs\\x86_microsoft.windows.common-controls_6595b64144ccf1df_6.0.6001.18000_none_5cdbaa5a083979cc\\comctl32.dll
0,1572,msdtc.exe,0x74fa0000,True,True,True,\\Windows\\System32\\ktmw32.dll
0,1572,msdtc.exe,0x75990000,True,True,True,\\Windows\\System32\\schannel.dll
0,1572,msdtc.exe,0x75880000,True,True,True,\\Windows\\System32\\ntmarta.dll
0,1572,msdtc.exe,0x75ba0000,True,True,True,\\Windows\\System32\\mswsock.dll
0,1572,msdtc.exe,0x76050000,True,True,True,\\Windows\\System32\\cryptdll.dll
0,1572,msdtc.exe,0x77d00000,True,True,True,\\Windows\\System32\\ntdll.dll
0,1572,msdtc.exe,0x76cc0000,True,True,True,\\Windows\\System32\\shlwapi.dll
0,1572,msdtc.exe,0x77b30000,True,True,True,\\Windows\\System32\\imm32.dll
0,1572,msdtc.exe,0x77aa0000,True,True,True,\\Windows\\System32\\clbcatq.dll
0,1572,msdtc.exe,0x77b50000,True,True,True,\\Windows\\System32\\usp10.dll
0,2096,taskeng.exe,0x76430000,True,True,True,\\Windows\\System32\\secur32.dll
0,2096,taskeng.exe,0x750000,True,False,True,\\Windows\\System32\\taskeng.exe
0,2096,taskeng.exe,0x72390000,True,True,True,\\Windows\\System32\\certcli.dll
0,2096,taskeng.exe,0x72270000,True,True,True,\\Windows\\System32\\CertEnroll.dll
0,2096,taskeng.exe,0x723f0000,True,True,True,\\Windows\\System32\\pautoenr.dll
0,2096,taskeng.exe,0x74da0000,True,True,True,\\Windows\\System32\\dimsjob.dll
0,2096,taskeng.exe,0x755e0000,True,True,True,\\Windows\\System32\\wtsapi32.dll
0,2096,taskeng.exe,0x755f0000,True,True,True,\\Windows\\System32\\WinSCard.dll
0,2096,taskeng.exe,0x758e0000,True,True,True,\\Windows\\System32\\gpapi.dll
0,2096,taskeng.exe,0x76380000,True,True,True,\\Windows\\System32\\apphelp.dll
0,2096,taskeng.exe,0x77d00000,True,True,True,\\Windows\\System32\\ntdll.dll
0,2096,taskeng.exe,0x76bb0000,True,True,True,\\Windows\\System32\\kernel32.dll
0,2096,taskeng.exe,0x76710000,True,True,True,\\Windows\\System32\\wininet.dll
0,2096,taskeng.exe,0x767e0000,True,True,True,\\Windows\\System32\\oleaut32.dll
0,2096,taskeng.exe,0x76c90000,True,True,True,\\Windows\\System32\\ws2_32.dll
0,2096,taskeng.exe,0x77980000,True,True,True,\\Windows\\System32\\iertutil.dll
0,2096,taskeng.exe,0x77cf0000,True,True,True,\\Windows\\System32\\normaliz.dll
0,2352,taskeng.exe,0x750000,True,False,True,\\Windows\\System32\\taskeng.exe
0,2352,taskeng.exe,0x71880000,True,True,True,\\Windows\\System32\\QAGENT.DLL
0,2352,taskeng.exe,0x71e20000,True,True,True,\\Windows\\System32\\wdmaud.drv
0,2352,taskeng.exe,0x71df0000,True,True,True,\\Windows\\System32\\MMDevAPI.dll
0,2352,taskeng.exe,0x71e80000,True,True,True,\\Windows\\System32\\avrt.dll
0,2352,taskeng.exe,0x72400000,True,True,True,\\Windows\\System32\\TSChannel.dll
0,2352,taskeng.exe,0x71ee0000,True,True,True,\\Windows\\System32\\ksuser.dll
0,2352,taskeng.exe,0x72270000,True,True,True,\\Windows\\System32\\CertEnroll.dll
0,2352,taskeng.exe,0x74d20000,True,True,True,\\Windows\\System32\\winmm.dll
0,2352,taskeng.exe,0x74ce0000,True,True,True,\\Windows\\System32\\oleacc.dll
0,2352,taskeng.exe,0x74700000,True,True,True,\\Windows\\System32\\FWPUCLNT.DLL
0,2352,taskeng.exe,0x75150000,True,True,True,\\Windows\\winsxs\\x86_microsoft.windows.common-controls_6595b64144ccf1df_6.0.6001.18000_none_5cdbaa5a083979cc\\comctl32.dll
0,2352,taskeng.exe,0x75120000,True,True,True,\\Windows\\System32\\QUTIL.DLL
0,2352,taskeng.exe,0x755f0000,True,True,True,\\Windows\\System32\\WinSCard.dll
0,2352,taskeng.exe,0x76e70000,True,True,True,\\Windows\\System32\\shell32.dll
0,2352,taskeng.exe,0x758e0000,True,True,True,\\Windows\\System32\\gpapi.dll
0,2352,taskeng.exe,0x756a0000,True,True,True,\\Windows\\System32\\uxtheme.dll
0,2352,taskeng.exe,0x75920000,True,True,True,\\Windows\\System32\\rsaenh.dll
0,2352,taskeng.exe,0x763e0000,True,True,True,\\Windows\\System32\\winsta.dll
0,2352,taskeng.exe,0x77980000,True,True,True,\\Windows\\System32\\iertutil.dll
0,2352,taskeng.exe,0x77d00000,True,True,True,\\Windows\\System32\\ntdll.dll
0,2352,taskeng.exe,0x77e60000,True,True,True,\\Windows\\System32\\msvcrt.dll
0,2392,dwm.exe,0x71ef0000,False,False,False,\\Windows\\System32\\milcore.dll
0,2392,dwm.exe,0x755e0000,False,False,False,\\Windows\\System32\\wtsapi32.dll
0,2392,dwm.exe,0x76000000,False,False,False,\\Windows\\System32\\samlib.dll
0,2392,dwm.exe,0x76640000,False,False,False,\\Windows\\System32\\msctf.dll
0,2392,dwm.exe,0x77980000,False,False,False,\\Windows\\System32\\iertutil.dll
0,2392,dwm.exe,0x77b30000,False,False,False,\\Windows\\System32\\imm32.dll
0,2392,dwm.exe,0x77bd0000,False,False,False,\\Windows\\System32\\Wldap32.dll
0,2392,dwm.exe,0x77f10000,False,False,False,\\Windows\\System32\\gdi32.dll
0,2480,TPAutoConnect.e,0x400000,True,False,True,\\Program Files\\VMware\\VMware Tools\\TPAutoConnect.exe
0,2480,TPAutoConnect.e,0x75150000,True,True,True,\\Windows\\winsxs\\x86_microsoft.windows.common-controls_6595b64144ccf1df_6.0.6001.18000_none_5cdbaa5a083979cc\\comctl32.dll
0,2480,TPAutoConnect.e,0x73780000,True,True,True,\\Windows\\System32\\winspool.drv
0,2480,TPAutoConnect.e,0x75870000,True,True,True,\\Windows\\System32\\version.dll
0,2480,TPAutoConnect.e,0x755e0000,True,True,True,\\Windows\\System32\\wtsapi32.dll
0,2480,TPAutoConnect.e,0x758e0000,True,True,True,\\Windows\\System32\\gpapi.dll
0,2480,TPAutoConnect.e,0x75da0000,True,True,True,\\Windows\\System32\\dhcpcsvc.dll
0,2480,TPAutoConnect.e,0x75e40000,True,True,True,\\Windows\\System32\\SLC.dll
0,2480,TPAutoConnect.e,0x76100000,True,True,True,\\Windows\\System32\\netapi32.dll
0,2480,TPAutoConnect.e,0x765a0000,True,True,True,\\Windows\\System32\\user32.dll
0,2480,TPAutoConnect.e,0x76570000,True,True,True,\\Windows\\System32\\psapi.dll
0,2480,TPAutoConnect.e,0x76bb0000,True,True,True,\\Windows\\System32\\kernel32.dll
0,2480,TPAutoConnect.e,0x77d00000,True,True,True,\\Windows\\System32\\ntdll.dll
0,2480,TPAutoConnect.e,0x779d0000,True,True,True,\\Windows\\System32\\advapi32.dll
0,2480,TPAutoConnect.e,0x76e70000,True,True,True,\\Windows\\System32\\shell32.dll
0,2480,TPAutoConnect.e,0x77b30000,True,True,True,\\Windows\\System32\\imm32.dll
0,2480,TPAutoConnect.e,0x77c20000,True,True,True,\\Windows\\System32\\rpcrt4.dll
0,2480,TPAutoConnect.e,0x77e60000,True,True,True,\\Windows\\System32\\msvcrt.dll
0,2496,explorer.exe,0x760000,False,False,False,\\Windows\\System32\\oleaccrc.dll
0,2496,explorer.exe,0x790000,True,False,True,\\Windows\\explorer.exe
0,2496,explorer.exe,0x1840000,False,False,False,\\Windows\\winsxs\\x86_microsoft.windows.c..-controls.resources_6595b64144ccf1df_6.0.6001.18000_en-us_72e6f33f34dfabb9\\comctl32.dll.mui
0,2496,explorer.exe,0x1910000,False,False,False,\\Windows\\System32\\en-US\\imageres.dll.mui
0,2496,explorer.exe,0x2ee0000,False,False,False,\\Windows\\System32\\en-US\\user32.dll.mui
0,2496,explorer.exe,0x3160000,False,False,False,\\Windows\\System32\\en-US\\imageres.dll.mui
0,2496,explorer.exe,0x3310000,False,False,False,\\Windows\\System32\\imageres.dll
0,2496,explorer.exe,0x46a0000,False,False,False,\\Windows\\System32\\en-US\\imageres.dll.mui
0,2496,explorer.exe,0x756a0000,True,True,True,\\Windows\\System32\\uxtheme.dll
0,2496,explorer.exe,0x71270000,True,True,True,\\Windows\\System32\\webcheck.dll
0,2496,explorer.exe,0x6c5d0000,False,False,False,\\Windows\\System32\\imageres.dll
0,2496,explorer.exe,0x60610000,True,True,True,\\Windows\\Microsoft.NET\\Framework\\v2.0.50727\\fusion.dll
0,2496,explorer.exe,0x68a0000,False,False,False,\\Windows\\System32\\imageres.dll
0,2496,explorer.exe,0x10000000,True,True,True,\\Program Files\\7-Zip\\7-zip.dll
0,2496,explorer.exe,0x60340000,True,True,True,\\Windows\\Microsoft.NET\\Framework\\v2.0.50727\\Culture.dll
0,2496,explorer.exe,0x64220000,True,True,True,\\Windows\\Microsoft.NET\\Framework\\v2.0.50727\\ShFusRes.dll
0,2496,explorer.exe,0x641f0000,True,True,True,\\Windows\\Microsoft.NET\\Framework\\v2.0.50727\\shfusion.dll
0,2496,explorer.exe,0x70060000,True,True,True,\\Windows\\System32\\cscui.dll
0,2496,explorer.exe,0x6fde0000,True,True,True,\\Windows\\System32\\mlang.dll
0,2496,explorer.exe,0x6fb90000,True,True,True,\\Windows\\System32\\bthprops.cpl
0,2496,explorer.exe,0x6d6d0000,True,True,True,\\Windows\\winsxs\\x86_microsoft.vc80.crt_1fc8b3b9a1e18e3b_8.0.50727.6195_none_d09154e044272b9a\\msvcr80.dll
0,2496,explorer.exe,0x6fd10000,True,True,True,\\Windows\\System32\\zipfldr.dll
0,2496,explorer.exe,0x6ffb0000,True,True,True,\\Windows\\System32\\ntshrui.dll
0,2496,explorer.exe,0x70000000,True,True,True,\\Windows\\System32\\imapi2.dll
0,2496,explorer.exe,0x70550000,True,True,True,\\Windows\\System32\\ieframe.dll
0,2496,explorer.exe,0x701d0000,True,True,True,\\Windows\\System32\\pnidui.dll
0,2496,explorer.exe,0x70db0000,True,True,True,\\Windows\\System32\\NlsData0009.dll
0,2496,explorer.exe,0x70b20000,True,True,True,\\Windows\\System32\\NlsLexicons0009.dll
0,2496,explorer.exe,0x738b0000,True,True,True,\\Windows\\System32\\npmproxy.dll
0,2496,explorer.exe,0x71ad0000,True,True,True,\\Windows\\System32\\browseui.dll
0,2496,explorer.exe,0x71710000,True,True,True,\\Windows\\System32\\NaturalLanguage6.dll
0,2496,explorer.exe,0x713c0000,True,True,True,\\Windows\\System32\\stobject.dll
0,2496,explorer.exe,0x712b0000,True,True,True,\\Windows\\System32\\srchadmin.dll
0,2496,explorer.exe,0x71300000,True,True,True,\\Windows\\System32\\batmeter.dll
0,2496,explorer.exe,0x71500000,True,True,True,\\Windows\\System32\\msi.dll
0,2496,explorer.exe,0x71940000,True,True,True,\\Windows\\System32\\ExplorerFrame.dll
0,2496,explorer.exe,0x718b0000,True,True,True,\\Windows\\System32\\msshsq.dll
0,2496,explorer.exe,0x71860000,True,True,True,\\Windows\\System32\\cryptnet.dll
0,2496,explorer.exe,0x71880000,True,True,True,\\Windows\\System32\\QAGENT.DLL
0,2496,explorer.exe,0x71900000,True,True,True,\\Windows\\System32\\cscapi.dll
0,2496,explorer.exe,0x71950000,True,True,True,\\Windows\\System32\\timedate.cpl
0,2496,explorer.exe,0x71a10000,True,True,True,\\Windows\\System32\\WindowsCodecs.dll
0,2496,explorer.exe,0x71e20000,True,True,True,\\Windows\\System32\\wdmaud.drv
0,2496,explorer.exe,0x71d60000,True,True,True,\\Windows\\System32\\SndVolSSO.dll
0,2496,explorer.exe,0x71c20000,True,True,True,\\Windows\\System32\\shdocvw.dll
0,2496,explorer.exe,0x71dc0000,True,True,True,\\Windows\\System32\\IconCodecService.dll
0,2496,explorer.exe,0x71df0000,True,True,True,\\Windows\\System32\\MMDevAPI.dll
0,2496,explorer.exe,0x72260000,True,True,True,\\Windows\\System32\\dwmapi.dll
0,2496,explorer.exe,0x71e80000,True,True,True,\\Windows\\System32\\avrt.dll
0,2496,explorer.exe,0x71e70000,True,True,True,\\Windows\\System32\\msiltcfg.dll
0,2496,explorer.exe,0x71ee0000,True,True,True,\\Windows\\System32\\ksuser.dll
0,2496,explorer.exe,0x73290000,True,True,True,\\Windows\\System32\\SensApi.dll
0,2496,explorer.exe,0x72a90000,True,True,True,\\Windows\\System32\\netshell.dll
0,2496,explorer.exe,0x73380000,True,True,True,\\Windows\\System32\\actxprxy.dll
0,2496,explorer.exe,0x74ce0000,True,True,True,\\Windows\\System32\\oleacc.dll
0,2496,explorer.exe,0x74220000,True,True,True,\\Windows\\System32\\winrnr.dll
0,2496,explorer.exe,0x74010000,True,True,True,\\Windows\\System32\\winhttp.dll
0,2496,explorer.exe,0x73960000,True,True,True,\\Windows\\System32\\rasadhlp.dll
0,2496,explorer.exe,0x738d0000,True,True,True,\\Windows\\System32\\cabinet.dll
0,2496,explorer.exe,0x74210000,True,True,True,\\Windows\\System32\\NapiNSP.dll
0,2496,explorer.exe,0x749c0000,True,True,True,\\Windows\\System32\\wintrust.dll
0,2496,explorer.exe,0x74700000,True,True,True,\\Windows\\System32\\FWPUCLNT.DLL
0,2496,explorer.exe,0x74a90000,True,True,True,\\Windows\\System32\\propsys.dll
0,2496,explorer.exe,0x74c40000,True,True,True,\\Windows\\System32\\thumbcache.dll
0,2496,explorer.exe,0x752f0000,True,True,True,\\Windows\\System32\\authui.dll
0,2496,explorer.exe,0x74df0000,True,True,True,\\Windows\\winsxs\\x86_microsoft.windows.gdiplus_6595b64144ccf1df_1.0.6001.18000_none_9e752e5ac9c619f3\\GdiPlus.dll
0,2496,explorer.exe,0x74d80000,True,True,True,\\Windows\\System32\\atl.dll
0,2496,explorer.exe,0x74d20000,True,True,True,\\Windows\\System32\\winmm.dll
0,2496,explorer.exe,0x74de0000,True,True,True,\\Windows\\System32\\cscdll.dll
0,2496,explorer.exe,0x75120000,True,True,True,\\Windows\\System32\\QUTIL.DLL
0,2496,explorer.exe,0x74fb0000,True,True,True,\\Windows\\System32\\nlaapi.dll
0,2496,explorer.exe,0x75150000,True,True,True,\\Windows\\winsxs\\x86_microsoft.windows.common-controls_6595b64144ccf1df_6.0.6001.18000_none_5cdbaa5a083979cc\\comctl32.dll
0,2496,explorer.exe,0x75660000,True,True,True,\\Windows\\System32\\wlanutil.dll
0,2496,explorer.exe,0x755e0000,True,True,True,\\Windows\\System32\\wtsapi32.dll
0,2496,explorer.exe,0x75610000,True,True,True,\\Windows\\System32\\xmllite.dll
0,2496,explorer.exe,0x75670000,True,True,True,\\Windows\\System32\\duser.dll
0,2496,explorer.exe,0x76cc0000,True,True,True,\\Windows\\System32\\shlwapi.dll
0,2496,explorer.exe,0x75e40000,True,True,True,\\Windows\\System32\\SLC.dll
0,2496,explorer.exe,0x75be0000,True,True,True,\\Windows\\System32\\powrprof.dll
0,2496,explorer.exe,0x75880000,True,True,True,\\Windows\\System32\\ntmarta.dll
0,2496,explorer.exe,0x75860000,True,True,True,\\Windows\\System32\\msimg32.dll
0,2496,explorer.exe,0x75850000,True,True,True,\\Windows\\System32\\WSHTCPIP.DLL
0,2496,explorer.exe,0x75870000,True,True,True,\\Windows\\System32\\version.dll
0,2496,explorer.exe,0x75920000,True,True,True,\\Windows\\System32\\rsaenh.dll
0,2496,explorer.exe,0x758e0000,True,True,True,\\Windows\\System32\\gpapi.dll
0,2496,explorer.exe,0x759e0000,True,True,True,\\Windows\\System32\\winbrand.dll
0,2496,explorer.exe,0x75ba0000,True,True,True,\\Windows\\System32\\mswsock.dll
0,2496,explorer.exe,0x75d90000,True,True,True,\\Windows\\System32\\winnsi.dll
0,2496,explorer.exe,0x75d10000,True,True,True,\\Windows\\System32\\ncrypt.dll
0,2496,explorer.exe,0x75cc0000,True,True,True,\\Windows\\System32\\bcrypt.dll
0,2496,explorer.exe,0x75c00000,True,True,True,\\Windows\\System32\\wship6.dll
0,2496,explorer.exe,0x75d60000,True,True,True,\\Windows\\System32\\dhcpcsvc6.dll
0,2496,explorer.exe,0x75de0000,True,True,True,\\Windows\\System32\\IPHLPAPI.DLL
0,2496,explorer.exe,0x75da0000,True,True,True,\\Windows\\System32\\dhcpcsvc.dll
0,2496,explorer.exe,0x75e00000,True,True,True,\\Windows\\System32\\wevtapi.dll
0,2496,explorer.exe,0x76430000,True,True,True,\\Windows\\System32\\secur32.dll
0,2496,explorer.exe,0x76000000,True,True,True,\\Windows\\System32\\samlib.dll
0,2496,explorer.exe,0x75f80000,True,True,True,\\Windows\\System32\\mpr.dll
0,2496,explorer.exe,0x75e80000,True,True,True,\\Windows\\System32\\crypt32.dll
0,2496,explorer.exe,0x75fe0000,True,True,True,\\Windows\\System32\\msasn1.dll
0,2496,explorer.exe,0x76380000,True,True,True,\\Windows\\System32\\apphelp.dll
0,2496,explorer.exe,0x76100000,True,True,True,\\Windows\\System32\\netapi32.dll
0,2496,explorer.exe,0x76020000,True,True,True,\\Windows\\System32\\dnsapi.dll
0,2496,explorer.exe,0x762c0000,True,True,True,\\Windows\\System32\\sxs.dll
0,2496,explorer.exe,0x763e0000,True,True,True,\\Windows\\System32\\winsta.dll
0,2496,explorer.exe,0x76410000,True,True,True,\\Windows\\System32\\userenv.dll
0,2496,explorer.exe,0x767e0000,True,True,True,\\Windows\\System32\\oleaut32.dll
0,2496,explorer.exe,0x765a0000,True,True,True,\\Windows\\System32\\user32.dll
0,2496,explorer.exe,0x76580000,True,True,True,\\Windows\\System32\\lpk.dll
0,2496,explorer.exe,0x76570000,True,True,True,\\Windows\\System32\\psapi.dll
0,2496,explorer.exe,0x76590000,True,True,True,\\Windows\\System32\\nsi.dll
0,2496,explorer.exe,0x76640000,True,True,True,\\Windows\\System32\\msctf.dll
0,2496,explorer.exe,0x76710000,True,True,True,\\Windows\\System32\\wininet.dll
0,2496,explorer.exe,0x76a80000,True,True,True,\\Windows\\System32\\urlmon.dll
0,2496,explorer.exe,0x768f0000,True,True,True,\\Windows\\System32\\setupapi.dll
0,2496,explorer.exe,0x76bb0000,True,True,True,\\Windows\\System32\\kernel32.dll
0,2496,explorer.exe,0x76c90000,True,True,True,\\Windows\\System32\\ws2_32.dll
0,2496,explorer.exe,0x77d00000,True,True,True,\\Windows\\System32\\ntdll.dll
0,2496,explorer.exe,0x779d0000,True,True,True,\\Windows\\System32\\advapi32.dll
0,2496,explorer.exe,0x76e70000,True,True,True,\\Windows\\System32\\shell32.dll
0,2496,explorer.exe,0x76d20000,True,True,True,\\Windows\\System32\\ole32.dll
0,2496,explorer.exe,0x77980000,True,True,True,\\Windows\\System32\\iertutil.dll
0,2496,explorer.exe,0x77b50000,True,True,True,\\Windows\\System32\\usp10.dll
0,2496,explorer.exe,0x77b30000,True,True,True,\\Windows\\System32\\imm32.dll
0,2496,explorer.exe,0x77aa0000,True,True,True,\\Windows\\System32\\clbcatq.dll
0,2496,explorer.exe,0x77c20000,True,True,True,\\Windows\\System32\\rpcrt4.dll
0,2496,explorer.exe,0x77bd0000,True,True,True,\\Windows\\System32\\Wldap32.dll
0,2496,explorer.exe,0x77cf0000,True,True,True,\\Windows\\System32\\normaliz.dll
0,2496,explorer.exe,0x79000000,True,True,True,\\Windows\\System32\\mscoree.dll
0,2496,explorer.exe,0x77e60000,True,True,True,\\Windows\\System32\\msvcrt.dll
0,2496,explorer.exe,0x77e30000,True,True,True,\\Windows\\System32\\imagehlp.dll
0,2496,explorer.exe,0x77f10000,True,True,True,\\Windows\\System32\\gdi32.dll
0,2580,vmtoolsd.exe,0x1340000,True,False,True,\\Program Files\\VMware\\VMware Tools\\vmtoolsd.exe
0,2580,vmtoolsd.exe,0x75870000,True,True,True,\\Windows\\System32\\version.dll
0,2580,vmtoolsd.exe,0x6fde0000,True,True,True,\\Windows\\System32\\mlang.dll
0,2580,vmtoolsd.exe,0x717f0000,True,True,True,\\Program Files\\VMware\\VMware Tools\\plugins\\vmusr\\vmtray.dll
0,2580,vmtoolsd.exe,0x70550000,True,True,True,\\Windows\\System32\\ieframe.dll
0,2580,vmtoolsd.exe,0x73eb0000,True,True,True,\\Program Files\\VMware\\VMware Tools\\plugins\\common\\hgfsServer.dll
0,2580,vmtoolsd.exe,0x73d10000,True,True,True,\\Windows\\winsxs\\x86_microsoft.vc90.crt_1fc8b3b9a1e18e3b_9.0.30729.6161_none_50934f2ebcb7eb57\\msvcp90.dll
0,2580,vmtoolsd.exe,0x74070000,True,True,True,\\Program Files\\VMware\\VMware Tools\\vmtools.dll
0,2580,vmtoolsd.exe,0x73f30000,True,True,True,\\Program Files\\VMware\\VMware Tools\\hgfs.dll
0,2580,vmtoolsd.exe,0x75150000,True,True,True,\\Windows\\winsxs\\x86_microsoft.windows.common-controls_6595b64144ccf1df_6.0.6001.18000_none_5cdbaa5a083979cc\\comctl32.dll
0,2580,vmtoolsd.exe,0x74850000,True,True,True,\\Windows\\winsxs\\x86_microsoft.windows.common-controls_6595b64144ccf1df_5.82.6001.18000_none_886786f450a74a05\\comctl32.dll
0,2580,vmtoolsd.exe,0x756a0000,True,True,True,\\Windows\\System32\\uxtheme.dll
0,2580,vmtoolsd.exe,0x76bb0000,True,True,True,\\Windows\\System32\\kernel32.dll
0,2580,vmtoolsd.exe,0x76430000,True,True,True,\\Windows\\System32\\secur32.dll
0,2580,vmtoolsd.exe,0x75880000,True,True,True,\\Windows\\System32\\ntmarta.dll
0,2580,vmtoolsd.exe,0x76000000,True,True,True,\\Windows\\System32\\samlib.dll
0,2580,vmtoolsd.exe,0x765a0000,True,True,True,\\Windows\\System32\\user32.dll
0,2580,vmtoolsd.exe,0x76570000,True,True,True,\\Windows\\System32\\psapi.dll
0,2580,vmtoolsd.exe,0x767e0000,True,True,True,\\Windows\\System32\\oleaut32.dll
0,2580,vmtoolsd.exe,0x76640000,True,True,True,\\Windows\\System32\\msctf.dll
0,2580,vmtoolsd.exe,0x77d00000,True,True,True,\\Windows\\System32\\ntdll.dll
0,2580,vmtoolsd.exe,0x779d0000,True,True,True,\\Windows\\System32\\advapi32.dll
0,2580,vmtoolsd.exe,0x76d20000,True,True,True,\\Windows\\System32\\ole32.dll
0,2580,vmtoolsd.exe,0x76c90000,True,True,True,\\Windows\\System32\\ws2_32.dll
0,2580,vmtoolsd.exe,0x76e70000,True,True,True,\\Windows\\System32\\shell32.dll
0,2580,vmtoolsd.exe,0x77c20000,True,True,True,\\Windows\\System32\\rpcrt4.dll
0,2580,vmtoolsd.exe,0x77bd0000,True,True,True,\\Windows\\System32\\Wldap32.dll
0,2580,vmtoolsd.exe,0x77cf0000,True,True,True,\\Windows\\System32\\normaliz.dll
0,2580,vmtoolsd.exe,0x77e60000,True,True,True,\\Windows\\System32\\msvcrt.dll
0,2592,AdobeARM.exe,0x73290000,False,False,False,\\Windows\\System32\\SensApi.dll
0,2592,AdobeARM.exe,0x71500000,False,False,False,\\Windows\\System32\\msi.dll
0,2592,AdobeARM.exe,0x71860000,False,False,False,\\Windows\\System32\\cryptnet.dll
0,2592,AdobeARM.exe,0x749c0000,False,False,False,\\Windows\\System32\\wintrust.dll
0,2592,AdobeARM.exe,0x74010000,False,False,False,\\Windows\\System32\\winhttp.dll
0,2592,AdobeARM.exe,0x738d0000,False,False,False,\\Windows\\System32\\cabinet.dll
0,2592,AdobeARM.exe,0x73780000,False,False,False,\\Windows\\System32\\winspool.drv
0,2592,AdobeARM.exe,0x76570000,False,False,False,\\Windows\\System32\\psapi.dll
0,2592,AdobeARM.exe,0x75880000,False,False,False,\\Windows\\System32\\ntmarta.dll
0,2592,AdobeARM.exe,0x75850000,False,False,False,\\Windows\\System32\\WSHTCPIP.DLL
0,2592,AdobeARM.exe,0x75870000,False,False,False,\\Windows\\System32\\version.dll
0,2592,AdobeARM.exe,0x758e0000,False,False,False,\\Windows\\System32\\gpapi.dll
0,2592,AdobeARM.exe,0x75fe0000,False,False,False,\\Windows\\System32\\msasn1.dll
0,2592,AdobeARM.exe,0x75da0000,False,False,False,\\Windows\\System32\\dhcpcsvc.dll
0,2592,AdobeARM.exe,0x75e40000,False,False,False,\\Windows\\System32\\SLC.dll
0,2592,AdobeARM.exe,0x76000000,False,False,False,\\Windows\\System32\\samlib.dll
0,2592,AdobeARM.exe,0x76870000,False,False,False,\\Windows\\System32\\comdlg32.dll
0,2592,AdobeARM.exe,0x76a80000,False,False,False,\\Windows\\System32\\urlmon.dll
0,2592,AdobeARM.exe,0x768f0000,False,False,False,\\Windows\\System32\\setupapi.dll
0,2592,AdobeARM.exe,0x779d0000,False,False,False,\\Windows\\System32\\advapi32.dll
0,2592,AdobeARM.exe,0x77e30000,False,False,False,\\Windows\\System32\\imagehlp.dll
0,3224,svchost.exe,0x290000,False,False,False,\\Windows\\System32\\en-US\\hidphone.tsp.mui
0,3224,svchost.exe,0x73050000,False,False,False,\\Windows\\System32\\tapisrv.dll
0,3224,svchost.exe,0x6f830000,False,False,False,\\Windows\\System32\\unimdm.tsp
0,3224,svchost.exe,0x732a0000,False,False,False,\\Windows\\System32\\kmddsp.tsp
0,3224,svchost.exe,0x730c0000,False,False,False,\\Windows\\System32\\hidphone.tsp
0,3224,svchost.exe,0x73160000,False,False,False,\\Windows\\System32\\ndptsp.tsp
0,3224,svchost.exe,0x732d0000,False,False,False,\\Windows\\System32\\uniplat.dll
0,3224,svchost.exe,0x75ca0000,False,False,False,\\Windows\\System32\\credssp.dll
0,3224,svchost.exe,0x749c0000,False,False,False,\\Windows\\System32\\wintrust.dll
0,3224,svchost.exe,0x75990000,False,False,False,\\Windows\\System32\\schannel.dll
0,3224,svchost.exe,0x76100000,False,False,False,\\Windows\\System32\\netapi32.dll
0,3224,svchost.exe,0x76430000,False,False,False,\\Windows\\System32\\secur32.dll
0,3224,svchost.exe,0x76590000,False,False,False,\\Windows\\System32\\nsi.dll
0,3224,svchost.exe,0x768f0000,False,False,False,\\Windows\\System32\\setupapi.dll
0,3224,svchost.exe,0x77bd0000,False,False,False,\\Windows\\System32\\Wldap32.dll
0,3224,svchost.exe,0x76d20000,False,False,False,\\Windows\\System32\\ole32.dll
0,3224,svchost.exe,0x77e30000,False,False,False,\\Windows\\System32\\imagehlp.dll
0,3336,iashost.exe,0x75920000,True,True,True,\\Windows\\System32\\rsaenh.dll
0,3336,iashost.exe,0xac0000,True,False,True,\\Windows\\System32\\iashost.exe
0,3336,iashost.exe,0x6fde0000,True,True,True,\\Windows\\System32\\mlang.dll
0,3336,iashost.exe,0x744a0000,True,True,True,\\Windows\\System32\\vssapi.dll
0,3336,iashost.exe,0x76000000,True,True,True,\\Windows\\System32\\samlib.dll
0,3336,iashost.exe,0x767e0000,True,True,True,\\Windows\\System32\\oleaut32.dll
0,3336,iashost.exe,0x77aa0000,True,True,True,\\Windows\\System32\\clbcatq.dll
0,3680,wuauclt.exe,0x980000,True,False,True,\\Windows\\System32\\wuauclt.exe
0,3680,wuauclt.exe,0x727e0000,True,True,True,\\Windows\\System32\\wups2.dll
0,3680,wuauclt.exe,0x756a0000,True,True,True,\\Windows\\System32\\uxtheme.dll
0,3680,wuauclt.exe,0x75920000,True,True,True,\\Windows\\System32\\rsaenh.dll
0,3680,wuauclt.exe,0x76580000,True,True,True,\\Windows\\System32\\lpk.dll
0,3680,wuauclt.exe,0x77b30000,True,True,True,\\Windows\\System32\\imm32.dll
0,3680,wuauclt.exe,0x77e30000,True,True,True,\\Windows\\System32\\imagehlp.dll
0,3920,notepad.exe,0xb90000,True,False,True,\\Windows\\System32\\notepad.exe
0,3920,notepad.exe,0x760000,False,False,False,\\Windows\\System32\\en-US\\duser.dll.mui
0,3920,notepad.exe,0x850000,False,False,False,\\Windows\\winsxs\\x86_microsoft.windows.c..-controls.resources_6595b64144ccf1df_6.0.6001.18000_en-us_72e6f33f34dfabb9\\comctl32.dll.mui
0,3920,notepad.exe,0x76bb0000,True,True,True,\\Windows\\System32\\kernel32.dll
0,3920,notepad.exe,0x73780000,True,True,True,\\Windows\\System32\\winspool.drv
0,3920,notepad.exe,0x765a0000,True,True,True,\\Windows\\System32\\user32.dll
0,3920,notepad.exe,0x756a0000,True,True,True,\\Windows\\System32\\uxtheme.dll
0,3920,notepad.exe,0x75670000,True,True,True,\\Windows\\System32\\duser.dll
0,3920,notepad.exe,0x75150000,True,True,True,\\Windows\\winsxs\\x86_microsoft.windows.common-controls_6595b64144ccf1df_6.0.6001.18000_none_5cdbaa5a083979cc\\comctl32.dll
0,3920,notepad.exe,0x76580000,True,True,True,\\Windows\\System32\\lpk.dll
0,3920,notepad.exe,0x767e0000,True,True,True,\\Windows\\System32\\oleaut32.dll
0,3920,notepad.exe,0x76640000,True,True,True,\\Windows\\System32\\msctf.dll
0,3920,notepad.exe,0x76870000,True,True,True,\\Windows\\System32\\comdlg32.dll
0,3920,notepad.exe,0x77d00000,True,True,True,\\Windows\\System32\\ntdll.dll
0,3920,notepad.exe,0x779d0000,True,True,True,\\Windows\\System32\\advapi32.dll
0,3920,notepad.exe,0x76d20000,True,True,True,\\Windows\\System32\\ole32.dll
0,3920,notepad.exe,0x76cc0000,True,True,True,\\Windows\\System32\\shlwapi.dll
0,3920,notepad.exe,0x76e70000,True,True,True,\\Windows\\System32\\shell32.dll
0,3920,notepad.exe,0x77b50000,True,True,True,\\Windows\\System32\\usp10.dll
0,3920,notepad.exe,0x77b30000,True,True,True,\\Windows\\System32\\imm32.dll
0,3920,notepad.exe,0x77c20000,True,True,True,\\Windows\\System32\\rpcrt4.dll
0,3920,notepad.exe,0x77f10000,True,True,True,\\Windows\\System32\\gdi32.dll
0,3920,notepad.exe,0x77e60000,True,True,True,\\Windows\\System32\\msvcrt.dll
0,1800,FTK Imager.exe,0x6fef0000,True,True,True,\\Users\\Administrator\\Downloads\\Imager_Lite_3.1.1\\msvcr100.dll
0,1800,FTK Imager.exe,0x1f0000,True,True,True,\\Users\\Administrator\\Downloads\\Imager_Lite_3.1.1\\ad_globals.dll
0,1800,FTK Imager.exe,0x170000,True,True,True,\\Users\\Administrator\\Downloads\\Imager_Lite_3.1.1\\ad_log.dll
0,1800,FTK Imager.exe,0x360000,True,True,True,\\Users\\Administrator\\Downloads\\Imager_Lite_3.1.1\\adfs_globals.dll
0,1800,FTK Imager.exe,0x3e0000,False,False,False,\\Windows\\System32\\oleaccrc.dll
0,1800,FTK Imager.exe,0x400000,True,False,True,\\Users\\Administrator\\Downloads\\Imager_Lite_3.1.1\\FTK Imager.exe
0,1800,FTK Imager.exe,0x15a0000,True,True,True,\\Users\\Administrator\\Downloads\\Imager_Lite_3.1.1\\ProfUIS293ad32.dll
0,1800,FTK Imager.exe,0x3990000,False,False,False,\\Windows\\System32\\stdole2.tlb
0,1800,FTK Imager.exe,0x6d890000,True,True,True,\\Windows\\System32\\dbghelp.dll
0,1800,FTK Imager.exe,0x10000000,True,True,True,\\Users\\Administrator\\Downloads\\Imager_Lite_3.1.1\\cximage.dll
0,1800,FTK Imager.exe,0x5440000,False,False,False,\\Windows\\System32\\en-US\\user32.dll.mui
0,1800,FTK Imager.exe,0x6b090000,True,True,True,\\Windows\\System32\\mshtml.dll
0,1800,FTK Imager.exe,0x4a800000,True,True,True,\\Users\\Administrator\\Downloads\\Imager_Lite_3.1.1\\icuuc44.dll
0,1800,FTK Imager.exe,0x6ae60000,True,True,True,\\Windows\\System32\\networkexplorer.dll
0,1800,FTK Imager.exe,0x6b790000,True,True,True,\\Users\\Administrator\\Downloads\\Imager_Lite_3.1.1\\icudt44.dll
0,1800,FTK Imager.exe,0x6e630000,True,True,True,\\Users\\Administrator\\Downloads\\Imager_Lite_3.1.1\\adefs.dll
0,1800,FTK Imager.exe,0x6dfd0000,True,True,True,\\Users\\Administrator\\Downloads\\Imager_Lite_3.1.1\\LMS.dll
0,1800,FTK Imager.exe,0x6db90000,True,True,True,\\Users\\Administrator\\Downloads\\Imager_Lite_3.1.1\\mfc100u.dll
0,1800,FTK Imager.exe,0x6f950000,True,True,True,\\Users\\Administrator\\Downloads\\Imager_Lite_3.1.1\\adshattrdefs.dll
0,1800,FTK Imager.exe,0x6e9f0000,True,True,True,\\Users\\Administrator\\Downloads\\Imager_Lite_3.1.1\\boost_regex-vc100-mt-1_49.dll
0,1800,FTK Imager.exe,0x6e910000,True,True,True,\\Windows\\System32\\wer.dll
0,1800,FTK Imager.exe,0x6f900000,True,True,True,\\Users\\Administrator\\Downloads\\Imager_Lite_3.1.1\\adencrypt.dll
0,1800,FTK Imager.exe,0x6f9b0000,True,True,True,\\Users\\Administrator\\Downloads\\Imager_Lite_3.1.1\\libeay32.dll
0,1800,FTK Imager.exe,0x6fde0000,True,True,True,\\Windows\\System32\\mlang.dll
0,1800,FTK Imager.exe,0x74dd0000,True,True,True,\\Users\\Administrator\\Downloads\\Imager_Lite_3.1.1\\boost_date_time-vc100-mt-1_49.dll
0,1800,FTK Imager.exe,0x727b0000,True,True,True,\\Windows\\System32\\msvfw32.dll
0,1800,FTK Imager.exe,0x71d90000,True,True,True,\\Users\\Administrator\\Downloads\\Imager_Lite_3.1.1\\boost_filesystem-vc100-mt-1_49.dll
0,1800,FTK Imager.exe,0x71a10000,True,True,True,\\Windows\\System32\\WindowsCodecs.dll
0,1800,FTK Imager.exe,0x71490000,True,True,True,\\Users\\Administrator\\Downloads\\Imager_Lite_3.1.1\\msvcp100.dll
0,1800,FTK Imager.exe,0x70550000,True,True,True,\\Windows\\System32\\ieframe.dll
0,1800,FTK Imager.exe,0x71c20000,True,True,True,\\Windows\\System32\\shdocvw.dll
0,1800,FTK Imager.exe,0x71ad0000,True,True,True,\\Windows\\System32\\browseui.dll
0,1800,FTK Imager.exe,0x71d30000,True,True,True,\\Windows\\System32\\msls31.dll
0,1800,FTK Imager.exe,0x71e60000,True,True,True,\\Windows\\System32\\msimtf.dll
0,1800,FTK Imager.exe,0x71e20000,True,True,True,\\Windows\\System32\\wdmaud.drv
0,1800,FTK Imager.exe,0x71df0000,True,True,True,\\Windows\\System32\\MMDevAPI.dll
0,1800,FTK Imager.exe,0x72260000,True,True,True,\\Windows\\System32\\dwmapi.dll
0,1800,FTK Imager.exe,0x71ee0000,True,True,True,\\Windows\\System32\\ksuser.dll
0,1800,FTK Imager.exe,0x71e80000,True,True,True,\\Windows\\System32\\avrt.dll
0,1800,FTK Imager.exe,0x72790000,True,True,True,\\Users\\Administrator\\Downloads\\Imager_Lite_3.1.1\\ADIsoDLL.dll
0,1800,FTK Imager.exe,0x73fa0000,True,True,True,\\Windows\\System32\\wsock32.dll
0,1800,FTK Imager.exe,0x72820000,True,True,True,\\Windows\\System32\\avifil32.dll
0,1800,FTK Imager.exe,0x72800000,True,True,True,\\Windows\\System32\\msacm32.dll
0,1800,FTK Imager.exe,0x727f0000,True,True,True,\\Windows\\System32\\mfc100enu.dll
0,1800,FTK Imager.exe,0x732b0000,True,True,True,\\Users\\Administrator\\Downloads\\Imager_Lite_3.1.1\\da7zip.dll
0,1800,FTK Imager.exe,0x73290000,True,True,True,\\Windows\\System32\\SensApi.dll
0,1800,FTK Imager.exe,0x73780000,True,True,True,\\Windows\\System32\\winspool.drv
0,1800,FTK Imager.exe,0x74c60000,True,True,True,\\Users\\Administrator\\Downloads\\Imager_Lite_3.1.1\\boost_thread-vc100-mt-1_49.dll
0,1800,FTK Imager.exe,0x74a80000,True,True,True,\\Users\\Administrator\\Downloads\\Imager_Lite_3.1.1\\boost_system-vc100-mt-1_49.dll
0,1800,FTK Imager.exe,0x74850000,True,True,True,\\Windows\\winsxs\\x86_microsoft.windows.common-controls_6595b64144ccf1df_5.82.6001.18000_none_886786f450a74a05\\comctl32.dll
0,1800,FTK Imager.exe,0x74a90000,True,True,True,\\Windows\\System32\\propsys.dll
0,1800,FTK Imager.exe,0x74d20000,True,True,True,\\Windows\\System32\\winmm.dll
0,1800,FTK Imager.exe,0x74ce0000,True,True,True,\\Windows\\System32\\oleacc.dll
0,1800,FTK Imager.exe,0x76bb0000,True,True,True,\\Windows\\System32\\kernel32.dll
0,1800,FTK Imager.exe,0x76100000,True,True,True,\\Windows\\System32\\netapi32.dll
0,1800,FTK Imager.exe,0x75860000,True,True,True,\\Windows\\System32\\msimg32.dll
0,1800,FTK Imager.exe,0x756a0000,True,True,True,\\Windows\\System32\\uxtheme.dll
0,1800,FTK Imager.exe,0x750b0000,True,True,True,\\Windows\\System32\\tapi32.dll
0,1800,FTK Imager.exe,0x74fc0000,True,True,True,\\Windows\\System32\\rasapi32.dll
0,1800,FTK Imager.exe,0x75150000,True,True,True,\\Windows\\winsxs\\x86_microsoft.windows.common-controls_6595b64144ccf1df_6.0.6001.18000_none_5cdbaa5a083979cc\\comctl32.dll
0,1800,FTK Imager.exe,0x75670000,True,True,True,\\Windows\\System32\\duser.dll
0,1800,FTK Imager.exe,0x75770000,True,True,True,\\Windows\\System32\\rasman.dll
0,1800,FTK Imager.exe,0x75840000,True,True,True,\\Windows\\System32\\rtutils.dll
0,1800,FTK Imager.exe,0x75ca0000,True,True,True,\\Windows\\System32\\credssp.dll
0,1800,FTK Imager.exe,0x75920000,True,True,True,\\Windows\\System32\\rsaenh.dll
0,1800,FTK Imager.exe,0x75870000,True,True,True,\\Windows\\System32\\version.dll
0,1800,FTK Imager.exe,0x75990000,True,True,True,\\Windows\\System32\\schannel.dll
0,1800,FTK Imager.exe,0x75fe0000,True,True,True,\\Windows\\System32\\msasn1.dll
0,1800,FTK Imager.exe,0x75e80000,True,True,True,\\Windows\\System32\\crypt32.dll
0,1800,FTK Imager.exe,0x76000000,True,True,True,\\Windows\\System32\\samlib.dll
0,1800,FTK Imager.exe,0x76590000,True,True,True,\\Windows\\System32\\nsi.dll
0,1800,FTK Imager.exe,0x76430000,True,True,True,\\Windows\\System32\\secur32.dll
0,1800,FTK Imager.exe,0x76380000,True,True,True,\\Windows\\System32\\apphelp.dll
0,1800,FTK Imager.exe,0x762c0000,True,True,True,\\Windows\\System32\\sxs.dll
0,1800,FTK Imager.exe,0x76410000,True,True,True,\\Windows\\System32\\userenv.dll
0,1800,FTK Imager.exe,0x76570000,True,True,True,\\Windows\\System32\\psapi.dll
0,1800,FTK Imager.exe,0x76580000,True,True,True,\\Windows\\System32\\lpk.dll
0,1800,FTK Imager.exe,0x767e0000,True,True,True,\\Windows\\System32\\oleaut32.dll
0,1800,FTK Imager.exe,0x76640000,True,True,True,\\Windows\\System32\\msctf.dll
0,1800,FTK Imager.exe,0x765a0000,True,True,True,\\Windows\\System32\\user32.dll
0,1800,FTK Imager.exe,0x76710000,True,True,True,\\Windows\\System32\\wininet.dll
0,1800,FTK Imager.exe,0x768f0000,True,True,True,\\Windows\\System32\\setupapi.dll
0,1800,FTK Imager.exe,0x76870000,True,True,True,\\Windows\\System32\\comdlg32.dll
0,1800,FTK Imager.exe,0x76a80000,True,True,True,\\Windows\\System32\\urlmon.dll
0,1800,FTK Imager.exe,0x77d00000,True,True,True,\\Windows\\System32\\ntdll.dll
0,1800,FTK Imager.exe,0x779d0000,True,True,True,\\Windows\\System32\\advapi32.dll
0,1800,FTK Imager.exe,0x76d20000,True,True,True,\\Windows\\System32\\ole32.dll
0,1800,FTK Imager.exe,0x76cc0000,True,True,True,\\Windows\\System32\\shlwapi.dll
0,1800,FTK Imager.exe,0x76c90000,True,True,True,\\Windows\\System32\\ws2_32.dll
0,1800,FTK Imager.exe,0x76e70000,True,True,True,\\Windows\\System32\\shell32.dll
0,1800,FTK Imager.exe,0x77980000,True,True,True,\\Windows\\System32\\iertutil.dll
0,1800,FTK Imager.exe,0x77b30000,True,True,True,\\Windows\\System32\\imm32.dll
0,1800,FTK Imager.exe,0x77aa0000,True,True,True,\\Windows\\System32\\clbcatq.dll
0,1800,FTK Imager.exe,0x77c20000,True,True,True,\\Windows\\System32\\rpcrt4.dll
0,1800,FTK Imager.exe,0x77b50000,True,True,True,\\Windows\\System32\\usp10.dll
0,1800,FTK Imager.exe,0x77cf0000,True,True,True,\\Windows\\System32\\normaliz.dll
0,1800,FTK Imager.exe,0x77f10000,True,True,True,\\Windows\\System32\\gdi32.dll
0,1800,FTK Imager.exe,0x77e60000,True,True,True,\\Windows\\System32\\msvcrt.dll
0,1888,iexplore.exe,0x6e490000,True,True,True,\\Windows\\AppPatch\\AcRedir.dll
0,1888,iexplore.exe,0x1200000,True,False,True,\\Program Files\\Internet Explorer\\iexplore.exe
0,1888,iexplore.exe,0x2850000,False,False,False,\\Windows\\System32\\stdole2.tlb
0,1888,iexplore.exe,0x3000000,False,False,False,\\Windows\\System32\\oleaccrc.dll
0,1888,iexplore.exe,0x3070000,False,False,False,\\Windows\\System32\\msxml3r.dll
0,1888,iexplore.exe,0x3130000,False,False,False,\\Windows\\winsxs\\x86_microsoft.windows.c..-controls.resources_6595b64144ccf1df_6.0.6001.18000_en-us_72e6f33f34dfabb9\\comctl32.dll.mui
0,1888,iexplore.exe,0x3510000,False,False,False,\\Windows\\System32\\en-US\\user32.dll.mui
0,1888,iexplore.exe,0x3ce0000,False,False,False,\\Windows\\System32\\ieapfltr.dat
0,1888,iexplore.exe,0x56f0000,False,False,False,\\Windows\\System32\\mshtml.tlb
0,1888,iexplore.exe,0x6d810000,True,True,True,\\Windows\\System32\\mshtmled.dll
0,1888,iexplore.exe,0x6b090000,True,True,True,\\Windows\\System32\\mshtml.dll
0,1888,iexplore.exe,0x6d5e0000,True,True,True,\\Windows\\System32\\ddraw.dll
0,1888,iexplore.exe,0x6da10000,True,True,True,\\Windows\\System32\\ieapfltr.dll
0,1888,iexplore.exe,0x6d990000,True,True,True,\\Windows\\System32\\jscript.dll
0,1888,iexplore.exe,0x6db10000,True,True,True,\\Windows\\System32\\iepeers.dll
0,1888,iexplore.exe,0x6da70000,True,True,True,\\Windows\\AppPatch\\AcLayers.dll
0,1888,iexplore.exe,0x76410000,True,True,True,\\Windows\\System32\\userenv.dll
0,1888,iexplore.exe,0x74c00000,True,True,True,\\Windows\\System32\\shimeng.dll
0,1888,iexplore.exe,0x71e60000,True,True,True,\\Windows\\System32\\msimtf.dll
0,1888,iexplore.exe,0x71a10000,True,True,True,\\Windows\\System32\\WindowsCodecs.dll
0,1888,iexplore.exe,0x6fe50000,True,True,True,\\Program Files\\Common Files\\Adobe\\Acrobat\\ActiveX\\AcroIEHelper.dll
0,1888,iexplore.exe,0x6fc90000,True,True,True,\\Windows\\System32\\dxtrans.dll
0,1888,iexplore.exe,0x6e5d0000,True,True,True,\\Windows\\System32\\dxtmsft.dll
0,1888,iexplore.exe,0x6fde0000,True,True,True,\\Windows\\System32\\mlang.dll
0,1888,iexplore.exe,0x6fe70000,True,True,True,\\Program Files\\Common Files\\Adobe\\Acrobat\\ActiveX\\AcroIEHelperShim.dll
0,1888,iexplore.exe,0x71460000,True,True,True,\\Windows\\System32\\ieui.dll
0,1888,iexplore.exe,0x70550000,True,True,True,\\Windows\\System32\\ieframe.dll
0,1888,iexplore.exe,0x71860000,True,True,True,\\Windows\\System32\\cryptnet.dll
0,1888,iexplore.exe,0x718b0000,True,True,True,\\Windows\\System32\\msshsq.dll
0,1888,iexplore.exe,0x71df0000,True,True,True,\\Windows\\System32\\MMDevAPI.dll
0,1888,iexplore.exe,0x71c20000,True,True,True,\\Windows\\System32\\shdocvw.dll
0,1888,iexplore.exe,0x71ad0000,True,True,True,\\Windows\\System32\\browseui.dll
0,1888,iexplore.exe,0x71d30000,True,True,True,\\Windows\\System32\\msls31.dll
0,1888,iexplore.exe,0x71e20000,True,True,True,\\Windows\\System32\\wdmaud.drv
0,1888,iexplore.exe,0x73780000,True,True,True,\\Windows\\System32\\winspool.drv
0,1888,iexplore.exe,0x72240000,True,True,True,\\Windows\\System32\\pngfilt.dll
0,1888,iexplore.exe,0x71ee0000,True,True,True,\\Windows\\System32\\ksuser.dll
0,1888,iexplore.exe,0x71e80000,True,True,True,\\Windows\\System32\\avrt.dll
0,1888,iexplore.exe,0x73290000,True,True,True,\\Windows\\System32\\SensApi.dll
0,1888,iexplore.exe,0x72260000,True,True,True,\\Windows\\System32\\dwmapi.dll
0,1888,iexplore.exe,0x73380000,True,True,True,\\Windows\\System32\\actxprxy.dll
0,1888,iexplore.exe,0x745e0000,True,True,True,\\Windows\\winsxs\\x86_microsoft.vc90.crt_1fc8b3b9a1e18e3b_9.0.30729.6161_none_50934f2ebcb7eb57\\msvcr90.dll
0,1888,iexplore.exe,0x73d10000,True,True,True,\\Windows\\winsxs\\x86_microsoft.vc90.crt_1fc8b3b9a1e18e3b_9.0.30729.6161_none_50934f2ebcb7eb57\\msvcp90.dll
0,1888,iexplore.exe,0x73960000,True,True,True,\\Windows\\System32\\rasadhlp.dll
0,1888,iexplore.exe,0x738d0000,True,True,True,\\Windows\\System32\\cabinet.dll
0,1888,iexplore.exe,0x739d0000,True,True,True,\\Windows\\System32\\msxml3.dll
0,1888,iexplore.exe,0x74210000,True,True,True,\\Windows\\System32\\NapiNSP.dll
0,1888,iexplore.exe,0x74220000,True,True,True,\\Windows\\System32\\winrnr.dll
0,1888,iexplore.exe,0x749c0000,True,True,True,\\Windows\\System32\\wintrust.dll
0,1888,iexplore.exe,0x74850000,True,True,True,\\Windows\\winsxs\\x86_microsoft.windows.common-controls_6595b64144ccf1df_5.82.6001.18000_none_886786f450a74a05\\comctl32.dll
0,1888,iexplore.exe,0x74a90000,True,True,True,\\Windows\\System32\\propsys.dll
0,1888,iexplore.exe,0x75870000,True,True,True,\\Windows\\System32\\version.dll
0,1888,iexplore.exe,0x75150000,True,True,True,\\Windows\\winsxs\\x86_microsoft.windows.common-controls_6595b64144ccf1df_6.0.6001.18000_none_5cdbaa5a083979cc\\comctl32.dll
0,1888,iexplore.exe,0x74df0000,True,True,True,\\Windows\\winsxs\\x86_microsoft.windows.gdiplus_6595b64144ccf1df_1.0.6001.18000_none_9e752e5ac9c619f3\\GdiPlus.dll
0,1888,iexplore.exe,0x74ce0000,True,True,True,\\Windows\\System32\\oleacc.dll
0,1888,iexplore.exe,0x74c30000,True,True,True,\\Windows\\System32\\imgutil.dll
0,1888,iexplore.exe,0x74c20000,True,True,True,\\Windows\\AppPatch\\iebrshim.dll
0,1888,iexplore.exe,0x74d80000,True,True,True,\\Windows\\System32\\atl.dll
0,1888,iexplore.exe,0x74d20000,True,True,True,\\Windows\\System32\\winmm.dll
0,1888,iexplore.exe,0x74db0000,True,True,True,\\Windows\\System32\\ddrawex.dll
0,1888,iexplore.exe,0x74dc0000,True,True,True,\\Windows\\System32\\dciman32.dll
0,1888,iexplore.exe,0x74fc0000,True,True,True,\\Windows\\System32\\rasapi32.dll
0,1888,iexplore.exe,0x74fb0000,True,True,True,\\Windows\\System32\\nlaapi.dll
0,1888,iexplore.exe,0x750b0000,True,True,True,\\Windows\\System32\\tapi32.dll
0,1888,iexplore.exe,0x750f0000,True,True,True,\\Windows\\System32\\dssenh.dll
0,1888,iexplore.exe,0x75840000,True,True,True,\\Windows\\System32\\rtutils.dll
0,1888,iexplore.exe,0x756a0000,True,True,True,\\Windows\\System32\\uxtheme.dll
0,1888,iexplore.exe,0x75610000,True,True,True,\\Windows\\System32\\xmllite.dll
0,1888,iexplore.exe,0x75670000,True,True,True,\\Windows\\System32\\duser.dll
0,1888,iexplore.exe,0x75770000,True,True,True,\\Windows\\System32\\rasman.dll
0,1888,iexplore.exe,0x75860000,True,True,True,\\Windows\\System32\\msimg32.dll
0,1888,iexplore.exe,0x75850000,True,True,True,\\Windows\\System32\\WSHTCPIP.DLL
0,1888,iexplore.exe,0x75da0000,True,True,True,\\Windows\\System32\\dhcpcsvc.dll
0,1888,iexplore.exe,0x75ca0000,True,True,True,\\Windows\\System32\\credssp.dll
0,1888,iexplore.exe,0x75990000,True,True,True,\\Windows\\System32\\schannel.dll
0,1888,iexplore.exe,0x758e0000,True,True,True,\\Windows\\System32\\gpapi.dll
0,1888,iexplore.exe,0x75880000,True,True,True,\\Windows\\System32\\ntmarta.dll
0,1888,iexplore.exe,0x75920000,True,True,True,\\Windows\\System32\\rsaenh.dll
0,1888,iexplore.exe,0x75ba0000,True,True,True,\\Windows\\System32\\mswsock.dll
0,1888,iexplore.exe,0x75c00000,True,True,True,\\Windows\\System32\\wship6.dll
0,1888,iexplore.exe,0x75d60000,True,True,True,\\Windows\\System32\\dhcpcsvc6.dll
0,1888,iexplore.exe,0x75d10000,True,True,True,\\Windows\\System32\\ncrypt.dll
0,1888,iexplore.exe,0x75cc0000,True,True,True,\\Windows\\System32\\bcrypt.dll
0,1888,iexplore.exe,0x75d90000,True,True,True,\\Windows\\System32\\winnsi.dll
0,1888,iexplore.exe,0x75f80000,True,True,True,\\Windows\\System32\\mpr.dll
0,1888,iexplore.exe,0x75e40000,True,True,True,\\Windows\\System32\\SLC.dll
0,1888,iexplore.exe,0x75de0000,True,True,True,\\Windows\\System32\\IPHLPAPI.DLL
0,1888,iexplore.exe,0x75e80000,True,True,True,\\Windows\\System32\\crypt32.dll
0,1888,iexplore.exe,0x76100000,True,True,True,\\Windows\\System32\\netapi32.dll
0,1888,iexplore.exe,0x76000000,True,True,True,\\Windows\\System32\\samlib.dll
0,1888,iexplore.exe,0x75fe0000,True,True,True,\\Windows\\System32\\msasn1.dll
0,1888,iexplore.exe,0x76020000,True,True,True,\\Windows\\System32\\dnsapi.dll
0,1888,iexplore.exe,0x762c0000,True,True,True,\\Windows\\System32\\sxs.dll
0,1888,iexplore.exe,0x76380000,True,True,True,\\Windows\\System32\\apphelp.dll
0,1888,iexplore.exe,0x77d00000,True,True,True,\\Windows\\System32\\ntdll.dll
0,1888,iexplore.exe,0x76cc0000,True,True,True,\\Windows\\System32\\shlwapi.dll
0,1888,iexplore.exe,0x765a0000,True,True,True,\\Windows\\System32\\user32.dll
0,1888,iexplore.exe,0x76570000,True,True,True,\\Windows\\System32\\psapi.dll
0,1888,iexplore.exe,0x76430000,True,True,True,\\Windows\\System32\\secur32.dll
0,1888,iexplore.exe,0x76580000,True,True,True,\\Windows\\System32\\lpk.dll
0,1888,iexplore.exe,0x76590000,True,True,True,\\Windows\\System32\\nsi.dll
0,1888,iexplore.exe,0x76a80000,True,True,True,\\Windows\\System32\\urlmon.dll
0,1888,iexplore.exe,0x76710000,True,True,True,\\Windows\\System32\\wininet.dll
0,1888,iexplore.exe,0x76640000,True,True,True,\\Windows\\System32\\msctf.dll
0,1888,iexplore.exe,0x76870000,True,True,True,\\Windows\\System32\\comdlg32.dll
0,1888,iexplore.exe,0x767e0000,True,True,True,\\Windows\\System32\\oleaut32.dll
0,1888,iexplore.exe,0x768f0000,True,True,True,\\Windows\\System32\\setupapi.dll
0,1888,iexplore.exe,0x76bb0000,True,True,True,\\Windows\\System32\\kernel32.dll
0,1888,iexplore.exe,0x76c90000,True,True,True,\\Windows\\System32\\ws2_32.dll
0,1888,iexplore.exe,0x779d0000,True,True,True,\\Windows\\System32\\advapi32.dll
0,1888,iexplore.exe,0x76e70000,True,True,True,\\Windows\\System32\\shell32.dll
0,1888,iexplore.exe,0x76d20000,True,True,True,\\Windows\\System32\\ole32.dll
0,1888,iexplore.exe,0x77980000,True,True,True,\\Windows\\System32\\iertutil.dll
0,1888,iexplore.exe,0x77b50000,True,True,True,\\Windows\\System32\\usp10.dll
0,1888,iexplore.exe,0x77b30000,True,True,True,\\Windows\\System32\\imm32.dll
0,1888,iexplore.exe,0x77aa0000,True,True,True,\\Windows\\System32\\clbcatq.dll
0,1888,iexplore.exe,0x77c20000,True,True,True,\\Windows\\System32\\rpcrt4.dll
0,1888,iexplore.exe,0x77bd0000,True,True,True,\\Windows\\System32\\Wldap32.dll
0,1888,iexplore.exe,0x77cf0000,True,True,True,\\Windows\\System32\\normaliz.dll
0,1888,iexplore.exe,0x77e60000,True,True,True,\\Windows\\System32\\msvcrt.dll
0,1888,iexplore.exe,0x77e30000,True,True,True,\\Windows\\System32\\imagehlp.dll
0,1888,iexplore.exe,0x77f10000,True,True,True,\\Windows\\System32\\gdi32.dll
0,2708,notepad.exe,0xb90000,True,False,True,\\Windows\\System32\\notepad.exe
0,2708,notepad.exe,0x76bb0000,True,True,True,\\Windows\\System32\\kernel32.dll
0,2708,notepad.exe,0x73780000,True,True,True,\\Windows\\System32\\winspool.drv
0,2708,notepad.exe,0x765a0000,True,True,True,\\Windows\\System32\\user32.dll
0,2708,notepad.exe,0x756a0000,True,True,True,\\Windows\\System32\\uxtheme.dll
0,2708,notepad.exe,0x75150000,True,True,True,\\Windows\\winsxs\\x86_microsoft.windows.common-controls_6595b64144ccf1df_6.0.6001.18000_none_5cdbaa5a083979cc\\comctl32.dll
0,2708,notepad.exe,0x76580000,True,True,True,\\Windows\\System32\\lpk.dll
0,2708,notepad.exe,0x767e0000,True,True,True,\\Windows\\System32\\oleaut32.dll
0,2708,notepad.exe,0x76640000,True,True,True,\\Windows\\System32\\msctf.dll
0,2708,notepad.exe,0x76870000,True,True,True,\\Windows\\System32\\comdlg32.dll
0,2708,notepad.exe,0x77d00000,True,True,True,\\Windows\\System32\\ntdll.dll
0,2708,notepad.exe,0x779d0000,True,True,True,\\Windows\\System32\\advapi32.dll
0,2708,notepad.exe,0x76d20000,True,True,True,\\Windows\\System32\\ole32.dll
0,2708,notepad.exe,0x76cc0000,True,True,True,\\Windows\\System32\\shlwapi.dll
0,2708,notepad.exe,0x76e70000,True,True,True,\\Windows\\System32\\shell32.dll
0,2708,notepad.exe,0x77b50000,True,True,True,\\Windows\\System32\\usp10.dll
0,2708,notepad.exe,0x77b30000,True,True,True,\\Windows\\System32\\imm32.dll
0,2708,notepad.exe,0x77c20000,True,True,True,\\Windows\\System32\\rpcrt4.dll
0,2708,notepad.exe,0x77f10000,True,True,True,\\Windows\\System32\\gdi32.dll
0,2708,notepad.exe,0x77e60000,True,True,True,\\Windows\\System32\\msvcrt.dll
